{"level":"info","message":"Cloudflare R2 configuration detected","service":"instagram-scraper","timestamp":"2025-07-31 21:37:42"}
{"level":"info","message":"Cloudflare R2 client initialized successfully","service":"instagram-scraper","timestamp":"2025-07-31 21:37:42"}
{"level":"info","message":"Cloudflare CDN conversion enabled","service":"instagram-scraper","timestamp":"2025-07-31 21:37:42"}
{"level":"info","message":"N8nWebhookService initialized","retryAttempts":3,"retryDelay":5000,"service":"instagram-scraper","timestamp":"2025-07-31 21:37:43","webhookUrl":"https://evoked.app.n8n.cloud/webhook/analysed-data"}
{"level":"info","message":"MongoDB connected successfully","service":"instagram-scraper","timestamp":"2025-07-31 21:37:44"}
{"level":"info","message":"Redis client connected","service":"instagram-scraper","timestamp":"2025-07-31 21:37:44"}
{"level":"info","message":"Redis client ready","service":"instagram-scraper","timestamp":"2025-07-31 21:37:44"}
{"level":"info","message":"Connected to Redis at localhost:6379","service":"instagram-scraper","timestamp":"2025-07-31 21:37:44"}
{"level":"info","message":"Initializing queue processors...","service":"instagram-scraper","timestamp":"2025-07-31 21:37:44"}
{"level":"info","message":"Root profile queue processor initialized","service":"instagram-scraper","timestamp":"2025-07-31 21:37:44"}
{"level":"info","message":"Related profile queue processor initialized","service":"instagram-scraper","timestamp":"2025-07-31 21:37:44"}
{"level":"info","message":"Depth processing queue processor initialized","service":"instagram-scraper","timestamp":"2025-07-31 21:37:44"}
{"level":"info","message":"Related profile batch queue processor initialized","service":"instagram-scraper","timestamp":"2025-07-31 21:37:44"}
{"level":"info","message":"Analysis will be processed through n8n webhook","service":"instagram-scraper","timestamp":"2025-07-31 21:37:44"}
{"level":"info","message":"All queue processors initialized successfully","service":"instagram-scraper","timestamp":"2025-07-31 21:37:44"}
{"level":"info","message":"Socket.IO server initialized","service":"instagram-scraper","timestamp":"2025-07-31 21:37:44"}
{"level":"info","message":"Session completion checker started","service":"instagram-scraper","timestamp":"2025-07-31 21:37:44"}
{"level":"info","message":"Server is running on port 5000","service":"instagram-scraper","timestamp":"2025-07-31 21:37:44"}
{"level":"info","message":"Environment: development","service":"instagram-scraper","timestamp":"2025-07-31 21:37:44"}
{"level":"info","message":"Socket.IO server initialized","service":"instagram-scraper","timestamp":"2025-07-31 21:37:44"}
{"level":"info","message":"Checking 0 running sessions for completion","service":"instagram-scraper","timestamp":"2025-07-31 21:37:54"}
{"level":"info","message":"Checking 0 running sessions for completion","service":"instagram-scraper","timestamp":"2025-07-31 21:38:04"}
{"level":"info","message":"Checking 0 running sessions for completion","service":"instagram-scraper","timestamp":"2025-07-31 21:38:14"}
{"level":"info","message":"Checking 0 running sessions for completion","service":"instagram-scraper","timestamp":"2025-07-31 21:38:24"}
{"level":"info","message":"Checking 0 running sessions for completion","service":"instagram-scraper","timestamp":"2025-07-31 21:38:34"}
{"level":"info","message":"Checking 0 running sessions for completion","service":"instagram-scraper","timestamp":"2025-07-31 21:38:44"}
{"level":"info","message":"Checking 0 running sessions for completion","service":"instagram-scraper","timestamp":"2025-07-31 21:38:54"}
{"level":"info","message":"Checking 0 running sessions for completion","service":"instagram-scraper","timestamp":"2025-07-31 21:39:04"}
{"level":"info","message":"Checking 0 running sessions for completion","service":"instagram-scraper","timestamp":"2025-07-31 21:39:14"}
{"level":"info","message":"Checking 0 running sessions for completion","service":"instagram-scraper","timestamp":"2025-07-31 21:39:24"}
{"level":"info","message":"Checking 0 running sessions for completion","service":"instagram-scraper","timestamp":"2025-07-31 21:39:34"}
{"level":"info","message":"Checking 0 running sessions for completion","service":"instagram-scraper","timestamp":"2025-07-31 21:39:44"}
{"level":"info","message":"Checking 0 running sessions for completion","service":"instagram-scraper","timestamp":"2025-07-31 21:39:54"}
{"level":"info","message":"Checking 0 running sessions for completion","service":"instagram-scraper","timestamp":"2025-07-31 21:40:04"}
{"level":"info","message":"Checking 0 running sessions for completion","service":"instagram-scraper","timestamp":"2025-07-31 21:40:14"}
{"level":"info","message":"Checking 0 running sessions for completion","service":"instagram-scraper","timestamp":"2025-07-31 21:40:24"}
{"level":"info","message":"Checking 0 running sessions for completion","service":"instagram-scraper","timestamp":"2025-07-31 21:40:34"}
{"level":"info","message":"Checking 0 running sessions for completion","service":"instagram-scraper","timestamp":"2025-07-31 21:40:44"}
{"level":"info","message":"Checking 0 running sessions for completion","service":"instagram-scraper","timestamp":"2025-07-31 21:40:54"}
{"level":"info","message":"Checking 0 running sessions for completion","service":"instagram-scraper","timestamp":"2025-07-31 21:41:04"}
{"level":"info","message":"Checking 0 running sessions for completion","service":"instagram-scraper","timestamp":"2025-07-31 21:41:14"}
{"level":"info","message":"Checking 0 running sessions for completion","service":"instagram-scraper","timestamp":"2025-07-31 21:41:24"}
{"level":"info","message":"Checking 0 running sessions for completion","service":"instagram-scraper","timestamp":"2025-07-31 21:41:34"}
{"level":"info","message":"Checking 0 running sessions for completion","service":"instagram-scraper","timestamp":"2025-07-31 21:41:44"}
{"level":"info","message":"Checking 0 running sessions for completion","service":"instagram-scraper","timestamp":"2025-07-31 21:41:54"}
{"level":"info","message":"Checking 0 running sessions for completion","service":"instagram-scraper","timestamp":"2025-07-31 21:42:04"}
{"level":"info","message":"Checking 0 running sessions for completion","service":"instagram-scraper","timestamp":"2025-07-31 21:42:14"}
{"level":"info","message":"Checking 0 running sessions for completion","service":"instagram-scraper","timestamp":"2025-07-31 21:42:24"}
{"level":"info","message":"Checking 0 running sessions for completion","service":"instagram-scraper","timestamp":"2025-07-31 21:42:34"}
{"level":"info","message":"Checking 0 running sessions for completion","service":"instagram-scraper","timestamp":"2025-07-31 21:42:45"}
{"level":"info","message":"Checking 0 running sessions for completion","service":"instagram-scraper","timestamp":"2025-07-31 21:42:55"}
{"level":"info","message":"Checking 0 running sessions for completion","service":"instagram-scraper","timestamp":"2025-07-31 21:43:05"}
{"level":"info","message":"Checking 0 running sessions for completion","service":"instagram-scraper","timestamp":"2025-07-31 21:43:15"}
{"level":"info","message":"Checking 0 running sessions for completion","service":"instagram-scraper","timestamp":"2025-07-31 21:43:25"}
{"level":"info","message":"Checking 0 running sessions for completion","service":"instagram-scraper","timestamp":"2025-07-31 21:43:35"}
{"level":"info","message":"Checking 0 running sessions for completion","service":"instagram-scraper","timestamp":"2025-07-31 21:43:45"}
{"level":"info","message":"Checking 0 running sessions for completion","service":"instagram-scraper","timestamp":"2025-07-31 21:43:55"}
{"level":"info","message":"Checking 0 running sessions for completion","service":"instagram-scraper","timestamp":"2025-07-31 21:44:05"}
{"level":"info","message":"Checking 0 running sessions for completion","service":"instagram-scraper","timestamp":"2025-07-31 21:44:15"}
{"level":"info","message":"Checking 0 running sessions for completion","service":"instagram-scraper","timestamp":"2025-07-31 21:44:25"}
{"level":"info","message":"Checking 0 running sessions for completion","service":"instagram-scraper","timestamp":"2025-07-31 21:44:35"}
{"level":"info","message":"Checking 0 running sessions for completion","service":"instagram-scraper","timestamp":"2025-07-31 21:44:45"}
{"level":"info","message":"Checking 0 running sessions for completion","service":"instagram-scraper","timestamp":"2025-07-31 21:44:55"}
{"level":"info","message":"Checking 0 running sessions for completion","service":"instagram-scraper","timestamp":"2025-07-31 21:45:05"}
{"level":"info","message":"Checking 0 running sessions for completion","service":"instagram-scraper","timestamp":"2025-07-31 21:45:15"}
{"level":"info","message":"Checking 0 running sessions for completion","service":"instagram-scraper","timestamp":"2025-07-31 21:45:25"}
{"level":"info","message":"Checking 0 running sessions for completion","service":"instagram-scraper","timestamp":"2025-07-31 21:45:35"}
{"level":"info","message":"Checking 0 running sessions for completion","service":"instagram-scraper","timestamp":"2025-07-31 21:45:45"}
{"level":"info","message":"Checking 0 running sessions for completion","service":"instagram-scraper","timestamp":"2025-07-31 21:45:55"}
{"level":"info","message":"Checking 0 running sessions for completion","service":"instagram-scraper","timestamp":"2025-07-31 21:46:05"}
{"level":"info","message":"Checking 0 running sessions for completion","service":"instagram-scraper","timestamp":"2025-07-31 21:46:15"}
{"level":"info","message":"Checking 0 running sessions for completion","service":"instagram-scraper","timestamp":"2025-07-31 21:46:25"}
{"level":"info","message":"Checking 0 running sessions for completion","service":"instagram-scraper","timestamp":"2025-07-31 21:46:35"}
{"level":"info","message":"Checking 0 running sessions for completion","service":"instagram-scraper","timestamp":"2025-07-31 21:46:45"}
{"level":"info","message":"Checking 0 running sessions for completion","service":"instagram-scraper","timestamp":"2025-07-31 21:46:55"}
{"level":"info","message":"Checking 0 running sessions for completion","service":"instagram-scraper","timestamp":"2025-07-31 21:47:05"}
{"level":"info","message":"Checking 0 running sessions for completion","service":"instagram-scraper","timestamp":"2025-07-31 21:47:15"}
{"level":"info","message":"Checking 0 running sessions for completion","service":"instagram-scraper","timestamp":"2025-07-31 21:47:25"}
{"level":"info","message":"Checking 0 running sessions for completion","service":"instagram-scraper","timestamp":"2025-07-31 21:47:35"}
{"level":"info","message":"Checking 0 running sessions for completion","service":"instagram-scraper","timestamp":"2025-07-31 21:47:45"}
{"level":"info","message":"Checking 0 running sessions for completion","service":"instagram-scraper","timestamp":"2025-07-31 21:47:55"}
{"level":"info","message":"Checking 0 running sessions for completion","service":"instagram-scraper","timestamp":"2025-07-31 21:48:05"}
{"level":"info","message":"Checking 0 running sessions for completion","service":"instagram-scraper","timestamp":"2025-07-31 21:48:15"}
{"level":"info","message":"Checking 0 running sessions for completion","service":"instagram-scraper","timestamp":"2025-07-31 21:48:25"}
{"level":"info","message":"Checking 0 running sessions for completion","service":"instagram-scraper","timestamp":"2025-07-31 21:48:35"}
{"level":"info","message":"Checking 0 running sessions for completion","service":"instagram-scraper","timestamp":"2025-07-31 21:48:45"}
{"level":"info","message":"Checking 0 running sessions for completion","service":"instagram-scraper","timestamp":"2025-07-31 21:48:55"}
{"level":"info","message":"Checking 0 running sessions for completion","service":"instagram-scraper","timestamp":"2025-07-31 21:49:05"}
{"level":"info","message":"Checking 0 running sessions for completion","service":"instagram-scraper","timestamp":"2025-07-31 21:49:15"}
{"level":"info","message":"Checking 0 running sessions for completion","service":"instagram-scraper","timestamp":"2025-07-31 21:49:25"}
{"level":"info","message":"Checking 0 running sessions for completion","service":"instagram-scraper","timestamp":"2025-07-31 21:49:35"}
{"level":"info","message":"Checking 0 running sessions for completion","service":"instagram-scraper","timestamp":"2025-07-31 21:49:45"}
{"level":"info","message":"Checking 0 running sessions for completion","service":"instagram-scraper","timestamp":"2025-07-31 21:49:55"}
{"level":"info","message":"Checking 0 running sessions for completion","service":"instagram-scraper","timestamp":"2025-07-31 21:50:05"}
{"level":"info","message":"Checking 0 running sessions for completion","service":"instagram-scraper","timestamp":"2025-07-31 21:50:15"}
{"level":"info","message":"Checking 0 running sessions for completion","service":"instagram-scraper","timestamp":"2025-07-31 21:50:25"}
{"level":"info","message":"Checking 0 running sessions for completion","service":"instagram-scraper","timestamp":"2025-07-31 21:50:35"}
{"level":"info","message":"Checking 0 running sessions for completion","service":"instagram-scraper","timestamp":"2025-07-31 21:50:45"}
{"level":"info","message":"Checking 0 running sessions for completion","service":"instagram-scraper","timestamp":"2025-07-31 21:50:55"}
{"level":"info","message":"Checking 0 running sessions for completion","service":"instagram-scraper","timestamp":"2025-07-31 21:51:05"}
{"level":"info","message":"Checking 0 running sessions for completion","service":"instagram-scraper","timestamp":"2025-07-31 21:51:15"}
{"level":"info","message":"Checking 0 running sessions for completion","service":"instagram-scraper","timestamp":"2025-07-31 21:51:25"}
{"level":"info","message":"Checking 0 running sessions for completion","service":"instagram-scraper","timestamp":"2025-07-31 21:51:35"}
{"level":"info","message":"Checking 0 running sessions for completion","service":"instagram-scraper","timestamp":"2025-07-31 21:51:45"}
{"level":"info","message":"Checking 0 running sessions for completion","service":"instagram-scraper","timestamp":"2025-07-31 21:51:55"}
{"level":"info","message":"Checking 0 running sessions for completion","service":"instagram-scraper","timestamp":"2025-07-31 21:52:05"}
{"level":"info","message":"Checking 0 running sessions for completion","service":"instagram-scraper","timestamp":"2025-07-31 21:52:15"}
{"level":"info","message":"Checking 0 running sessions for completion","service":"instagram-scraper","timestamp":"2025-07-31 21:52:25"}
{"level":"info","message":"Checking 0 running sessions for completion","service":"instagram-scraper","timestamp":"2025-07-31 21:52:35"}
{"level":"info","message":"Checking 0 running sessions for completion","service":"instagram-scraper","timestamp":"2025-07-31 21:52:45"}
{"level":"info","message":"Checking 0 running sessions for completion","service":"instagram-scraper","timestamp":"2025-07-31 21:52:55"}
{"level":"info","message":"Checking 0 running sessions for completion","service":"instagram-scraper","timestamp":"2025-07-31 21:53:05"}
{"level":"info","message":"Checking 0 running sessions for completion","service":"instagram-scraper","timestamp":"2025-07-31 21:53:15"}
{"level":"info","message":"Checking 0 running sessions for completion","service":"instagram-scraper","timestamp":"2025-07-31 21:53:25"}
{"level":"info","message":"Checking 0 running sessions for completion","service":"instagram-scraper","timestamp":"2025-07-31 21:53:35"}
{"level":"info","message":"Checking 0 running sessions for completion","service":"instagram-scraper","timestamp":"2025-07-31 21:53:45"}
{"level":"info","message":"Checking 0 running sessions for completion","service":"instagram-scraper","timestamp":"2025-07-31 21:53:55"}
{"level":"info","message":"Checking 0 running sessions for completion","service":"instagram-scraper","timestamp":"2025-07-31 21:54:05"}
{"level":"info","message":"Checking 0 running sessions for completion","service":"instagram-scraper","timestamp":"2025-07-31 21:54:15"}
{"level":"info","message":"Checking 0 running sessions for completion","service":"instagram-scraper","timestamp":"2025-07-31 21:54:25"}
{"level":"info","message":"Checking 0 running sessions for completion","service":"instagram-scraper","timestamp":"2025-07-31 21:54:35"}
{"level":"info","message":"Checking 0 running sessions for completion","service":"instagram-scraper","timestamp":"2025-07-31 21:54:45"}
{"level":"info","message":"Checking 0 running sessions for completion","service":"instagram-scraper","timestamp":"2025-07-31 21:54:55"}
{"level":"info","message":"Checking 0 running sessions for completion","service":"instagram-scraper","timestamp":"2025-07-31 21:55:05"}
{"level":"info","message":"Checking 0 running sessions for completion","service":"instagram-scraper","timestamp":"2025-07-31 21:55:15"}
{"level":"info","message":"Checking 0 running sessions for completion","service":"instagram-scraper","timestamp":"2025-07-31 21:55:25"}
{"level":"info","message":"Checking 0 running sessions for completion","service":"instagram-scraper","timestamp":"2025-07-31 21:55:35"}
{"level":"info","message":"Checking 0 running sessions for completion","service":"instagram-scraper","timestamp":"2025-07-31 21:55:45"}
{"level":"info","message":"Checking 0 running sessions for completion","service":"instagram-scraper","timestamp":"2025-07-31 21:55:55"}
{"level":"info","message":"Checking 0 running sessions for completion","service":"instagram-scraper","timestamp":"2025-07-31 21:56:05"}
{"level":"info","message":"Checking 0 running sessions for completion","service":"instagram-scraper","timestamp":"2025-07-31 21:56:15"}
{"level":"info","message":"Checking 0 running sessions for completion","service":"instagram-scraper","timestamp":"2025-07-31 21:56:25"}
{"level":"info","message":"Checking 0 running sessions for completion","service":"instagram-scraper","timestamp":"2025-07-31 21:56:35"}
{"level":"info","message":"Checking 0 running sessions for completion","service":"instagram-scraper","timestamp":"2025-07-31 21:56:46"}
{"level":"info","message":"Checking 0 running sessions for completion","service":"instagram-scraper","timestamp":"2025-07-31 21:56:55"}
{"level":"info","message":"Checking 0 running sessions for completion","service":"instagram-scraper","timestamp":"2025-07-31 21:57:05"}
{"level":"info","message":"Checking 0 running sessions for completion","service":"instagram-scraper","timestamp":"2025-07-31 21:57:15"}
{"level":"info","message":"Checking 0 running sessions for completion","service":"instagram-scraper","timestamp":"2025-07-31 21:57:25"}
{"level":"info","message":"Checking 0 running sessions for completion","service":"instagram-scraper","timestamp":"2025-07-31 21:57:35"}
{"level":"info","message":"Checking 0 running sessions for completion","service":"instagram-scraper","timestamp":"2025-07-31 21:57:45"}
{"level":"info","message":"Checking 0 running sessions for completion","service":"instagram-scraper","timestamp":"2025-07-31 21:57:55"}
{"level":"info","message":"Checking 0 running sessions for completion","service":"instagram-scraper","timestamp":"2025-07-31 21:58:05"}
{"level":"info","message":"Checking 0 running sessions for completion","service":"instagram-scraper","timestamp":"2025-07-31 21:58:15"}
{"level":"info","message":"Checking 0 running sessions for completion","service":"instagram-scraper","timestamp":"2025-07-31 21:58:25"}
{"level":"info","message":"Checking 0 running sessions for completion","service":"instagram-scraper","timestamp":"2025-07-31 21:58:35"}
{"level":"info","message":"Checking 0 running sessions for completion","service":"instagram-scraper","timestamp":"2025-07-31 21:58:45"}
{"level":"info","message":"Checking 0 running sessions for completion","service":"instagram-scraper","timestamp":"2025-07-31 21:58:55"}
{"level":"info","message":"Checking 0 running sessions for completion","service":"instagram-scraper","timestamp":"2025-07-31 21:59:05"}
{"level":"info","message":"Checking 0 running sessions for completion","service":"instagram-scraper","timestamp":"2025-07-31 21:59:15"}
{"level":"info","message":"Checking 0 running sessions for completion","service":"instagram-scraper","timestamp":"2025-07-31 21:59:25"}
{"level":"info","message":"Checking 0 running sessions for completion","service":"instagram-scraper","timestamp":"2025-07-31 21:59:35"}
{"level":"info","message":"Checking 0 running sessions for completion","service":"instagram-scraper","timestamp":"2025-07-31 21:59:45"}
{"level":"info","message":"Checking 0 running sessions for completion","service":"instagram-scraper","timestamp":"2025-07-31 21:59:55"}
{"level":"info","message":"Checking 0 running sessions for completion","service":"instagram-scraper","timestamp":"2025-07-31 22:00:05"}
{"level":"info","message":"Checking 0 running sessions for completion","service":"instagram-scraper","timestamp":"2025-07-31 22:00:15"}
{"level":"info","message":"Checking 0 running sessions for completion","service":"instagram-scraper","timestamp":"2025-07-31 22:00:25"}
{"level":"info","message":"Checking 0 running sessions for completion","service":"instagram-scraper","timestamp":"2025-07-31 22:00:35"}
{"level":"info","message":"Checking 0 running sessions for completion","service":"instagram-scraper","timestamp":"2025-07-31 22:00:45"}
{"level":"info","message":"Checking 0 running sessions for completion","service":"instagram-scraper","timestamp":"2025-07-31 22:00:55"}
{"level":"info","message":"Checking 0 running sessions for completion","service":"instagram-scraper","timestamp":"2025-07-31 22:01:05"}
{"level":"info","message":"Checking 0 running sessions for completion","service":"instagram-scraper","timestamp":"2025-07-31 22:01:15"}
{"level":"info","message":"Checking 0 running sessions for completion","service":"instagram-scraper","timestamp":"2025-07-31 22:01:25"}
{"level":"info","message":"Checking 0 running sessions for completion","service":"instagram-scraper","timestamp":"2025-07-31 22:01:35"}
{"level":"info","message":"Checking 0 running sessions for completion","service":"instagram-scraper","timestamp":"2025-07-31 22:01:45"}
{"level":"info","message":"Checking 0 running sessions for completion","service":"instagram-scraper","timestamp":"2025-07-31 22:01:55"}
{"level":"info","message":"Checking 0 running sessions for completion","service":"instagram-scraper","timestamp":"2025-07-31 22:02:06"}
{"level":"info","message":"Checking 0 running sessions for completion","service":"instagram-scraper","timestamp":"2025-07-31 22:02:15"}
{"level":"info","message":"Checking 0 running sessions for completion","service":"instagram-scraper","timestamp":"2025-07-31 22:02:25"}
{"level":"info","message":"Checking 0 running sessions for completion","service":"instagram-scraper","timestamp":"2025-07-31 22:02:35"}
{"level":"info","message":"Checking 0 running sessions for completion","service":"instagram-scraper","timestamp":"2025-07-31 22:02:45"}
{"level":"info","message":"Checking 0 running sessions for completion","service":"instagram-scraper","timestamp":"2025-07-31 22:02:55"}
{"level":"info","message":"Checking 0 running sessions for completion","service":"instagram-scraper","timestamp":"2025-07-31 22:03:05"}
{"level":"info","message":"Checking 0 running sessions for completion","service":"instagram-scraper","timestamp":"2025-07-31 22:03:15"}
{"level":"info","message":"Checking 0 running sessions for completion","service":"instagram-scraper","timestamp":"2025-07-31 22:03:25"}
{"level":"info","message":"Checking 0 running sessions for completion","service":"instagram-scraper","timestamp":"2025-07-31 22:03:35"}
{"level":"info","message":"Checking 0 running sessions for completion","service":"instagram-scraper","timestamp":"2025-07-31 22:03:45"}
{"level":"info","message":"Checking 0 running sessions for completion","service":"instagram-scraper","timestamp":"2025-07-31 22:03:55"}
{"level":"info","message":"Checking 0 running sessions for completion","service":"instagram-scraper","timestamp":"2025-07-31 22:04:05"}
{"level":"info","message":"Checking 0 running sessions for completion","service":"instagram-scraper","timestamp":"2025-07-31 22:04:15"}
{"level":"info","message":"Checking 0 running sessions for completion","service":"instagram-scraper","timestamp":"2025-07-31 22:04:25"}
{"level":"info","message":"Checking 0 running sessions for completion","service":"instagram-scraper","timestamp":"2025-07-31 22:04:35"}
{"level":"info","message":"Checking 0 running sessions for completion","service":"instagram-scraper","timestamp":"2025-07-31 22:04:45"}
{"level":"info","message":"Checking 0 running sessions for completion","service":"instagram-scraper","timestamp":"2025-07-31 22:04:55"}
{"level":"info","message":"Checking 0 running sessions for completion","service":"instagram-scraper","timestamp":"2025-07-31 22:05:05"}
{"level":"info","message":"Checking 0 running sessions for completion","service":"instagram-scraper","timestamp":"2025-07-31 22:05:15"}
{"level":"info","message":"Checking 0 running sessions for completion","service":"instagram-scraper","timestamp":"2025-07-31 22:05:25"}
{"level":"info","message":"Checking 0 running sessions for completion","service":"instagram-scraper","timestamp":"2025-07-31 22:05:36"}
{"level":"info","message":"Checking 0 running sessions for completion","service":"instagram-scraper","timestamp":"2025-07-31 22:05:46"}
{"level":"info","message":"Checking 0 running sessions for completion","service":"instagram-scraper","timestamp":"2025-07-31 22:05:56"}
{"level":"info","message":"Checking 0 running sessions for completion","service":"instagram-scraper","timestamp":"2025-07-31 22:06:06"}
{"level":"info","message":"Checking 0 running sessions for completion","service":"instagram-scraper","timestamp":"2025-07-31 22:06:16"}
{"level":"info","message":"Checking 0 running sessions for completion","service":"instagram-scraper","timestamp":"2025-07-31 22:06:26"}
{"level":"info","message":"Checking 0 running sessions for completion","service":"instagram-scraper","timestamp":"2025-07-31 22:06:36"}
{"level":"info","message":"Checking 0 running sessions for completion","service":"instagram-scraper","timestamp":"2025-07-31 22:06:46"}
{"level":"info","message":"Checking 0 running sessions for completion","service":"instagram-scraper","timestamp":"2025-07-31 22:06:56"}
{"level":"info","message":"Checking 0 running sessions for completion","service":"instagram-scraper","timestamp":"2025-07-31 22:07:06"}
{"level":"info","message":"Checking 0 running sessions for completion","service":"instagram-scraper","timestamp":"2025-07-31 22:07:16"}
{"level":"info","message":"Checking 0 running sessions for completion","service":"instagram-scraper","timestamp":"2025-07-31 22:07:26"}
{"level":"info","message":"Checking 0 running sessions for completion","service":"instagram-scraper","timestamp":"2025-07-31 22:07:36"}
{"level":"info","message":"Checking 0 running sessions for completion","service":"instagram-scraper","timestamp":"2025-07-31 22:07:46"}
{"level":"info","message":"Checking 0 running sessions for completion","service":"instagram-scraper","timestamp":"2025-07-31 22:07:56"}
{"level":"info","message":"Checking 0 running sessions for completion","service":"instagram-scraper","timestamp":"2025-07-31 22:08:06"}
{"level":"info","message":"Checking 0 running sessions for completion","service":"instagram-scraper","timestamp":"2025-07-31 22:08:16"}
{"level":"info","message":"Checking 0 running sessions for completion","service":"instagram-scraper","timestamp":"2025-07-31 22:08:26"}
{"level":"info","message":"Checking 0 running sessions for completion","service":"instagram-scraper","timestamp":"2025-07-31 22:08:36"}
{"level":"info","message":"Checking 0 running sessions for completion","service":"instagram-scraper","timestamp":"2025-07-31 22:08:46"}
{"level":"info","message":"Checking 0 running sessions for completion","service":"instagram-scraper","timestamp":"2025-07-31 22:08:56"}
{"level":"info","message":"Checking 0 running sessions for completion","service":"instagram-scraper","timestamp":"2025-07-31 22:09:06"}
{"level":"info","message":"Checking 0 running sessions for completion","service":"instagram-scraper","timestamp":"2025-07-31 22:09:16"}
{"level":"info","message":"Checking 0 running sessions for completion","service":"instagram-scraper","timestamp":"2025-07-31 22:09:26"}
{"level":"info","message":"Checking 0 running sessions for completion","service":"instagram-scraper","timestamp":"2025-07-31 22:09:36"}
{"level":"info","message":"Checking 0 running sessions for completion","service":"instagram-scraper","timestamp":"2025-07-31 22:09:46"}
{"level":"info","message":"Checking 0 running sessions for completion","service":"instagram-scraper","timestamp":"2025-07-31 22:09:56"}
{"level":"info","message":"Checking 0 running sessions for completion","service":"instagram-scraper","timestamp":"2025-07-31 22:10:06"}
{"level":"info","message":"Checking 0 running sessions for completion","service":"instagram-scraper","timestamp":"2025-07-31 22:10:16"}
{"level":"info","message":"Checking 0 running sessions for completion","service":"instagram-scraper","timestamp":"2025-07-31 22:10:26"}
{"level":"info","message":"Checking 0 running sessions for completion","service":"instagram-scraper","timestamp":"2025-07-31 22:10:36"}
{"level":"info","message":"Checking 0 running sessions for completion","service":"instagram-scraper","timestamp":"2025-07-31 22:10:46"}
{"level":"info","message":"Checking 0 running sessions for completion","service":"instagram-scraper","timestamp":"2025-07-31 22:10:56"}
{"level":"info","message":"Checking 0 running sessions for completion","service":"instagram-scraper","timestamp":"2025-07-31 22:11:06"}
{"level":"info","message":"Checking 0 running sessions for completion","service":"instagram-scraper","timestamp":"2025-07-31 22:11:16"}
{"level":"info","message":"Checking 0 running sessions for completion","service":"instagram-scraper","timestamp":"2025-07-31 22:11:26"}
{"level":"info","message":"Checking 0 running sessions for completion","service":"instagram-scraper","timestamp":"2025-07-31 22:11:36"}
{"level":"info","message":"Checking 0 running sessions for completion","service":"instagram-scraper","timestamp":"2025-07-31 22:11:46"}
{"level":"info","message":"Checking 0 running sessions for completion","service":"instagram-scraper","timestamp":"2025-07-31 22:11:56"}
{"level":"info","message":"Checking 0 running sessions for completion","service":"instagram-scraper","timestamp":"2025-07-31 22:12:06"}
{"level":"info","message":"Checking 0 running sessions for completion","service":"instagram-scraper","timestamp":"2025-07-31 22:12:16"}
{"level":"info","message":"Checking 0 running sessions for completion","service":"instagram-scraper","timestamp":"2025-07-31 22:12:26"}
{"level":"info","message":"Checking 0 running sessions for completion","service":"instagram-scraper","timestamp":"2025-07-31 22:12:36"}
{"level":"info","message":"Checking 0 running sessions for completion","service":"instagram-scraper","timestamp":"2025-07-31 22:12:46"}
{"level":"info","message":"Checking 0 running sessions for completion","service":"instagram-scraper","timestamp":"2025-07-31 22:12:56"}
{"level":"info","message":"Checking 0 running sessions for completion","service":"instagram-scraper","timestamp":"2025-07-31 22:13:06"}
{"level":"info","message":"Checking 0 running sessions for completion","service":"instagram-scraper","timestamp":"2025-07-31 22:13:16"}
{"level":"info","message":"Checking 0 running sessions for completion","service":"instagram-scraper","timestamp":"2025-07-31 22:13:26"}
{"level":"info","message":"Checking 0 running sessions for completion","service":"instagram-scraper","timestamp":"2025-07-31 22:13:36"}
{"level":"info","message":"Checking 0 running sessions for completion","service":"instagram-scraper","timestamp":"2025-07-31 22:13:46"}
{"level":"info","message":"Checking 0 running sessions for completion","service":"instagram-scraper","timestamp":"2025-07-31 22:13:56"}
{"level":"info","message":"Checking 0 running sessions for completion","service":"instagram-scraper","timestamp":"2025-07-31 22:14:06"}
{"level":"info","message":"Checking 0 running sessions for completion","service":"instagram-scraper","timestamp":"2025-07-31 22:14:16"}
{"level":"info","message":"Checking 0 running sessions for completion","service":"instagram-scraper","timestamp":"2025-07-31 22:14:26"}
{"level":"info","message":"Checking 0 running sessions for completion","service":"instagram-scraper","timestamp":"2025-07-31 22:14:36"}
{"level":"info","message":"Checking 0 running sessions for completion","service":"instagram-scraper","timestamp":"2025-07-31 22:14:46"}
{"level":"info","message":"Checking 0 running sessions for completion","service":"instagram-scraper","timestamp":"2025-07-31 22:14:56"}
{"level":"info","message":"Checking 0 running sessions for completion","service":"instagram-scraper","timestamp":"2025-07-31 22:15:06"}
{"level":"info","message":"Checking 0 running sessions for completion","service":"instagram-scraper","timestamp":"2025-07-31 22:15:16"}
{"level":"info","message":"Checking 0 running sessions for completion","service":"instagram-scraper","timestamp":"2025-07-31 22:15:26"}
{"level":"info","message":"Checking 0 running sessions for completion","service":"instagram-scraper","timestamp":"2025-07-31 22:15:36"}
{"level":"info","message":"Checking 0 running sessions for completion","service":"instagram-scraper","timestamp":"2025-07-31 22:15:46"}
{"level":"info","message":"Checking 0 running sessions for completion","service":"instagram-scraper","timestamp":"2025-07-31 22:15:56"}
{"level":"info","message":"Checking 0 running sessions for completion","service":"instagram-scraper","timestamp":"2025-07-31 22:16:06"}
{"level":"info","message":"Checking 0 running sessions for completion","service":"instagram-scraper","timestamp":"2025-07-31 22:16:16"}
{"level":"info","message":"Checking 0 running sessions for completion","service":"instagram-scraper","timestamp":"2025-07-31 22:16:26"}
{"level":"info","message":"Checking 0 running sessions for completion","service":"instagram-scraper","timestamp":"2025-07-31 22:16:36"}
{"level":"info","message":"Checking 0 running sessions for completion","service":"instagram-scraper","timestamp":"2025-07-31 22:16:46"}
{"level":"info","message":"Checking 0 running sessions for completion","service":"instagram-scraper","timestamp":"2025-07-31 22:16:56"}
{"level":"info","message":"Checking 0 running sessions for completion","service":"instagram-scraper","timestamp":"2025-07-31 22:17:06"}
{"level":"info","message":"Checking 0 running sessions for completion","service":"instagram-scraper","timestamp":"2025-07-31 22:17:16"}
{"level":"info","message":"Checking 0 running sessions for completion","service":"instagram-scraper","timestamp":"2025-07-31 22:17:26"}
{"level":"info","message":"Checking 0 running sessions for completion","service":"instagram-scraper","timestamp":"2025-07-31 22:17:36"}
{"level":"info","message":"Checking 0 running sessions for completion","service":"instagram-scraper","timestamp":"2025-07-31 22:17:46"}
{"level":"info","message":"Checking 0 running sessions for completion","service":"instagram-scraper","timestamp":"2025-07-31 22:17:56"}
{"level":"info","message":"Checking 0 running sessions for completion","service":"instagram-scraper","timestamp":"2025-07-31 22:18:06"}
{"level":"info","message":"Checking 0 running sessions for completion","service":"instagram-scraper","timestamp":"2025-07-31 22:18:16"}
{"level":"info","message":"Checking 0 running sessions for completion","service":"instagram-scraper","timestamp":"2025-07-31 22:18:27"}
{"level":"info","message":"Checking 0 running sessions for completion","service":"instagram-scraper","timestamp":"2025-07-31 22:18:36"}
{"level":"info","message":"Checking 0 running sessions for completion","service":"instagram-scraper","timestamp":"2025-07-31 22:18:46"}
{"level":"info","message":"Checking 0 running sessions for completion","service":"instagram-scraper","timestamp":"2025-07-31 22:18:56"}
{"level":"info","message":"Checking 0 running sessions for completion","service":"instagram-scraper","timestamp":"2025-07-31 22:19:06"}
{"level":"info","message":"Checking 0 running sessions for completion","service":"instagram-scraper","timestamp":"2025-07-31 22:19:16"}
{"level":"info","message":"Checking 0 running sessions for completion","service":"instagram-scraper","timestamp":"2025-07-31 22:19:26"}
{"level":"info","message":"Checking 0 running sessions for completion","service":"instagram-scraper","timestamp":"2025-07-31 22:19:36"}
{"level":"info","message":"Checking 0 running sessions for completion","service":"instagram-scraper","timestamp":"2025-07-31 22:19:46"}
{"level":"info","message":"Checking 0 running sessions for completion","service":"instagram-scraper","timestamp":"2025-07-31 22:19:56"}
{"level":"info","message":"Checking 0 running sessions for completion","service":"instagram-scraper","timestamp":"2025-07-31 22:20:06"}
{"level":"info","message":"Checking 0 running sessions for completion","service":"instagram-scraper","timestamp":"2025-07-31 22:20:16"}
{"level":"info","message":"Checking 0 running sessions for completion","service":"instagram-scraper","timestamp":"2025-07-31 22:20:26"}
{"level":"info","message":"Checking 0 running sessions for completion","service":"instagram-scraper","timestamp":"2025-07-31 22:20:36"}
{"level":"info","message":"Checking 0 running sessions for completion","service":"instagram-scraper","timestamp":"2025-07-31 22:20:47"}
{"level":"info","message":"Checking 0 running sessions for completion","service":"instagram-scraper","timestamp":"2025-07-31 22:20:56"}
{"level":"info","message":"Checking 0 running sessions for completion","service":"instagram-scraper","timestamp":"2025-07-31 22:21:06"}
{"level":"info","message":"Checking 0 running sessions for completion","service":"instagram-scraper","timestamp":"2025-07-31 22:21:16"}
{"level":"info","message":"Checking 0 running sessions for completion","service":"instagram-scraper","timestamp":"2025-07-31 22:21:26"}
{"level":"info","message":"Checking 0 running sessions for completion","service":"instagram-scraper","timestamp":"2025-07-31 22:21:36"}
{"level":"info","message":"Checking 0 running sessions for completion","service":"instagram-scraper","timestamp":"2025-07-31 22:21:46"}
{"level":"info","message":"Checking 0 running sessions for completion","service":"instagram-scraper","timestamp":"2025-07-31 22:21:57"}
{"level":"info","message":"Checking 0 running sessions for completion","service":"instagram-scraper","timestamp":"2025-07-31 22:22:06"}
{"level":"info","message":"Checking 0 running sessions for completion","service":"instagram-scraper","timestamp":"2025-07-31 22:22:16"}
{"level":"info","message":"Checking 0 running sessions for completion","service":"instagram-scraper","timestamp":"2025-07-31 22:22:26"}
{"level":"info","message":"Checking 0 running sessions for completion","service":"instagram-scraper","timestamp":"2025-07-31 22:22:36"}
{"level":"info","message":"Checking 0 running sessions for completion","service":"instagram-scraper","timestamp":"2025-07-31 22:22:46"}
{"level":"info","message":"Checking 0 running sessions for completion","service":"instagram-scraper","timestamp":"2025-07-31 22:22:57"}
{"level":"info","message":"Checking 0 running sessions for completion","service":"instagram-scraper","timestamp":"2025-07-31 22:23:06"}
{"level":"info","message":"Checking 0 running sessions for completion","service":"instagram-scraper","timestamp":"2025-07-31 22:23:16"}
{"level":"info","message":"Checking 0 running sessions for completion","service":"instagram-scraper","timestamp":"2025-07-31 22:23:26"}
{"level":"info","message":"Checking 0 running sessions for completion","service":"instagram-scraper","timestamp":"2025-07-31 22:23:36"}
{"level":"info","message":"Checking 0 running sessions for completion","service":"instagram-scraper","timestamp":"2025-07-31 22:23:46"}
{"level":"info","message":"Checking 0 running sessions for completion","service":"instagram-scraper","timestamp":"2025-07-31 22:23:56"}
{"level":"info","message":"Checking 0 running sessions for completion","service":"instagram-scraper","timestamp":"2025-07-31 22:24:06"}
{"level":"info","message":"Checking 0 running sessions for completion","service":"instagram-scraper","timestamp":"2025-07-31 22:24:16"}
{"level":"info","message":"Checking 0 running sessions for completion","service":"instagram-scraper","timestamp":"2025-07-31 22:24:26"}
{"level":"info","message":"Checking 0 running sessions for completion","service":"instagram-scraper","timestamp":"2025-07-31 22:24:36"}
{"level":"info","message":"Checking 0 running sessions for completion","service":"instagram-scraper","timestamp":"2025-07-31 22:24:46"}
{"level":"info","message":"Checking 0 running sessions for completion","service":"instagram-scraper","timestamp":"2025-07-31 22:24:57"}
{"level":"info","message":"Checking 0 running sessions for completion","service":"instagram-scraper","timestamp":"2025-07-31 22:25:06"}
{"level":"info","message":"Checking 0 running sessions for completion","service":"instagram-scraper","timestamp":"2025-07-31 22:25:16"}
{"level":"info","message":"Checking 0 running sessions for completion","service":"instagram-scraper","timestamp":"2025-07-31 22:25:26"}
{"level":"info","message":"Checking 0 running sessions for completion","service":"instagram-scraper","timestamp":"2025-07-31 22:25:36"}
{"level":"info","message":"Checking 0 running sessions for completion","service":"instagram-scraper","timestamp":"2025-07-31 22:25:46"}
{"level":"info","message":"Checking 0 running sessions for completion","service":"instagram-scraper","timestamp":"2025-07-31 22:25:56"}
{"level":"info","message":"Checking 0 running sessions for completion","service":"instagram-scraper","timestamp":"2025-07-31 22:26:06"}
{"level":"info","message":"Checking 0 running sessions for completion","service":"instagram-scraper","timestamp":"2025-07-31 22:26:16"}
{"level":"info","message":"Checking 0 running sessions for completion","service":"instagram-scraper","timestamp":"2025-07-31 22:26:26"}
{"level":"info","message":"Checking 0 running sessions for completion","service":"instagram-scraper","timestamp":"2025-07-31 22:26:36"}
{"level":"info","message":"Checking 0 running sessions for completion","service":"instagram-scraper","timestamp":"2025-07-31 22:26:46"}
{"level":"info","message":"Checking 0 running sessions for completion","service":"instagram-scraper","timestamp":"2025-07-31 22:26:57"}
{"level":"info","message":"Checking 0 running sessions for completion","service":"instagram-scraper","timestamp":"2025-07-31 22:27:07"}
{"level":"info","message":"Checking 0 running sessions for completion","service":"instagram-scraper","timestamp":"2025-07-31 22:27:17"}
{"level":"info","message":"Checking 0 running sessions for completion","service":"instagram-scraper","timestamp":"2025-07-31 22:27:27"}
{"level":"info","message":"Checking 0 running sessions for completion","service":"instagram-scraper","timestamp":"2025-07-31 22:27:37"}
{"level":"info","message":"Checking 0 running sessions for completion","service":"instagram-scraper","timestamp":"2025-07-31 22:27:47"}
{"level":"info","message":"Checking 0 running sessions for completion","service":"instagram-scraper","timestamp":"2025-07-31 22:27:57"}
{"level":"info","message":"Checking 0 running sessions for completion","service":"instagram-scraper","timestamp":"2025-07-31 22:28:07"}
{"level":"info","message":"Checking 0 running sessions for completion","service":"instagram-scraper","timestamp":"2025-07-31 22:28:17"}
{"level":"info","message":"Checking 0 running sessions for completion","service":"instagram-scraper","timestamp":"2025-07-31 22:28:27"}
{"level":"info","message":"Checking 0 running sessions for completion","service":"instagram-scraper","timestamp":"2025-07-31 22:28:37"}
{"level":"info","message":"Checking 0 running sessions for completion","service":"instagram-scraper","timestamp":"2025-07-31 22:28:47"}
{"level":"info","message":"Checking 0 running sessions for completion","service":"instagram-scraper","timestamp":"2025-07-31 22:28:57"}
{"level":"info","message":"Checking 0 running sessions for completion","service":"instagram-scraper","timestamp":"2025-07-31 22:29:07"}
{"level":"info","message":"Checking 0 running sessions for completion","service":"instagram-scraper","timestamp":"2025-07-31 22:29:17"}
{"level":"info","message":"Checking 0 running sessions for completion","service":"instagram-scraper","timestamp":"2025-07-31 22:29:27"}
{"level":"info","message":"Checking 0 running sessions for completion","service":"instagram-scraper","timestamp":"2025-07-31 22:29:37"}
{"level":"info","message":"Checking 0 running sessions for completion","service":"instagram-scraper","timestamp":"2025-07-31 22:29:47"}
{"level":"info","message":"Checking 0 running sessions for completion","service":"instagram-scraper","timestamp":"2025-07-31 22:29:57"}
{"level":"info","message":"Checking 0 running sessions for completion","service":"instagram-scraper","timestamp":"2025-07-31 22:30:07"}
{"level":"info","message":"Checking 0 running sessions for completion","service":"instagram-scraper","timestamp":"2025-07-31 22:30:17"}
{"level":"info","message":"Checking 0 running sessions for completion","service":"instagram-scraper","timestamp":"2025-07-31 22:30:27"}
{"level":"info","message":"Checking 0 running sessions for completion","service":"instagram-scraper","timestamp":"2025-07-31 22:30:37"}
{"level":"info","message":"Checking 0 running sessions for completion","service":"instagram-scraper","timestamp":"2025-07-31 22:30:47"}
{"level":"info","message":"Checking 0 running sessions for completion","service":"instagram-scraper","timestamp":"2025-07-31 22:30:57"}
{"level":"info","message":"Checking 0 running sessions for completion","service":"instagram-scraper","timestamp":"2025-07-31 22:31:07"}
{"level":"info","message":"Checking 0 running sessions for completion","service":"instagram-scraper","timestamp":"2025-07-31 22:31:17"}
{"level":"info","message":"Checking 0 running sessions for completion","service":"instagram-scraper","timestamp":"2025-07-31 22:31:27"}
{"level":"info","message":"Checking 0 running sessions for completion","service":"instagram-scraper","timestamp":"2025-07-31 22:31:37"}
{"level":"info","message":"Checking 0 running sessions for completion","service":"instagram-scraper","timestamp":"2025-07-31 22:31:47"}
{"level":"info","message":"Checking 0 running sessions for completion","service":"instagram-scraper","timestamp":"2025-07-31 22:31:57"}
{"level":"info","message":"Checking 0 running sessions for completion","service":"instagram-scraper","timestamp":"2025-07-31 22:32:07"}
{"level":"info","message":"Checking 0 running sessions for completion","service":"instagram-scraper","timestamp":"2025-07-31 22:32:17"}
{"level":"info","message":"New socket connection: _ZTfiPp8g0c2nhzpAAAB","service":"instagram-scraper","timestamp":"2025-07-31 22:32:21"}
{"level":"info","message":"Checking 0 running sessions for completion","service":"instagram-scraper","timestamp":"2025-07-31 22:32:27"}
{"level":"info","message":"Checking 0 running sessions for completion","service":"instagram-scraper","timestamp":"2025-07-31 22:32:37"}
{"level":"info","message":"Checking 0 running sessions for completion","service":"instagram-scraper","timestamp":"2025-07-31 22:32:47"}
{"level":"info","message":"Checking 0 running sessions for completion","service":"instagram-scraper","timestamp":"2025-07-31 22:32:57"}
{"level":"info","message":"Checking 0 running sessions for completion","service":"instagram-scraper","timestamp":"2025-07-31 22:33:07"}
{"level":"info","message":"Checking 0 running sessions for completion","service":"instagram-scraper","timestamp":"2025-07-31 22:33:17"}
{"level":"info","message":"Checking 0 running sessions for completion","service":"instagram-scraper","timestamp":"2025-07-31 22:33:27"}
{"level":"info","message":"Checking 0 running sessions for completion","service":"instagram-scraper","timestamp":"2025-07-31 22:33:37"}
{"level":"info","message":"Checking 0 running sessions for completion","service":"instagram-scraper","timestamp":"2025-07-31 22:33:47"}
{"level":"info","message":"Checking 0 running sessions for completion","service":"instagram-scraper","timestamp":"2025-07-31 22:33:57"}
{"level":"info","message":"Checking 0 running sessions for completion","service":"instagram-scraper","timestamp":"2025-07-31 22:34:07"}
{"level":"info","message":"Checking 0 running sessions for completion","service":"instagram-scraper","timestamp":"2025-07-31 22:34:17"}
{"level":"info","message":"Checking 0 running sessions for completion","service":"instagram-scraper","timestamp":"2025-07-31 22:34:27"}
{"level":"info","message":"Checking 0 running sessions for completion","service":"instagram-scraper","timestamp":"2025-07-31 22:34:37"}
{"level":"info","message":"Checking 0 running sessions for completion","service":"instagram-scraper","timestamp":"2025-07-31 22:34:47"}
{"level":"info","message":"Checking 0 running sessions for completion","service":"instagram-scraper","timestamp":"2025-07-31 22:34:57"}
{"level":"info","message":"Checking 0 running sessions for completion","service":"instagram-scraper","timestamp":"2025-07-31 22:35:07"}
{"level":"info","message":"Checking 0 running sessions for completion","service":"instagram-scraper","timestamp":"2025-07-31 22:35:17"}
{"level":"info","message":"Checking 0 running sessions for completion","service":"instagram-scraper","timestamp":"2025-07-31 22:35:27"}
{"level":"info","message":"Checking 0 running sessions for completion","service":"instagram-scraper","timestamp":"2025-07-31 22:35:37"}
{"level":"info","message":"Checking 0 running sessions for completion","service":"instagram-scraper","timestamp":"2025-07-31 22:35:47"}
{"level":"info","message":"Checking 0 running sessions for completion","service":"instagram-scraper","timestamp":"2025-07-31 22:35:57"}
{"level":"info","message":"Checking 0 running sessions for completion","service":"instagram-scraper","timestamp":"2025-07-31 22:36:07"}
{"level":"info","message":"Checking 0 running sessions for completion","service":"instagram-scraper","timestamp":"2025-07-31 22:36:17"}
{"level":"info","message":"Checking 0 running sessions for completion","service":"instagram-scraper","timestamp":"2025-07-31 22:36:27"}
{"level":"info","message":"Checking 0 running sessions for completion","service":"instagram-scraper","timestamp":"2025-07-31 22:36:37"}
{"level":"info","message":"Checking 0 running sessions for completion","service":"instagram-scraper","timestamp":"2025-07-31 22:36:47"}
{"level":"info","message":"Checking 0 running sessions for completion","service":"instagram-scraper","timestamp":"2025-07-31 22:36:57"}
{"level":"info","message":"Checking 0 running sessions for completion","service":"instagram-scraper","timestamp":"2025-07-31 22:37:07"}
{"level":"info","message":"Checking 0 running sessions for completion","service":"instagram-scraper","timestamp":"2025-07-31 22:37:17"}
{"level":"info","message":"Checking 0 running sessions for completion","service":"instagram-scraper","timestamp":"2025-07-31 22:37:27"}
{"level":"info","message":"Checking 0 running sessions for completion","service":"instagram-scraper","timestamp":"2025-07-31 22:37:37"}
{"level":"info","message":"Checking 0 running sessions for completion","service":"instagram-scraper","timestamp":"2025-07-31 22:37:47"}
{"level":"info","message":"Checking 0 running sessions for completion","service":"instagram-scraper","timestamp":"2025-07-31 22:37:57"}
{"level":"info","message":"Checking 0 running sessions for completion","service":"instagram-scraper","timestamp":"2025-07-31 22:38:07"}
{"level":"info","message":"Checking 0 running sessions for completion","service":"instagram-scraper","timestamp":"2025-07-31 22:38:17"}
{"level":"info","message":"Checking 0 running sessions for completion","service":"instagram-scraper","timestamp":"2025-07-31 22:38:27"}
{"level":"info","message":"Checking 0 running sessions for completion","service":"instagram-scraper","timestamp":"2025-07-31 22:38:37"}
{"level":"info","message":"Checking 0 running sessions for completion","service":"instagram-scraper","timestamp":"2025-07-31 22:38:47"}
{"level":"info","message":"Checking 0 running sessions for completion","service":"instagram-scraper","timestamp":"2025-07-31 22:38:57"}
{"level":"info","message":"Checking 0 running sessions for completion","service":"instagram-scraper","timestamp":"2025-07-31 22:39:07"}
{"level":"info","message":"Checking 0 running sessions for completion","service":"instagram-scraper","timestamp":"2025-07-31 22:39:17"}
{"level":"info","message":"Checking 0 running sessions for completion","service":"instagram-scraper","timestamp":"2025-07-31 22:39:27"}
{"level":"info","message":"Checking 0 running sessions for completion","service":"instagram-scraper","timestamp":"2025-07-31 22:39:37"}
{"level":"info","message":"Checking 0 running sessions for completion","service":"instagram-scraper","timestamp":"2025-07-31 22:39:47"}
{"level":"info","message":"Checking 0 running sessions for completion","service":"instagram-scraper","timestamp":"2025-07-31 22:39:57"}
{"level":"info","message":"Checking 0 running sessions for completion","service":"instagram-scraper","timestamp":"2025-07-31 22:40:07"}
{"level":"info","message":"Checking 0 running sessions for completion","service":"instagram-scraper","timestamp":"2025-07-31 22:40:17"}
{"level":"info","message":"Checking 0 running sessions for completion","service":"instagram-scraper","timestamp":"2025-07-31 22:40:27"}
{"level":"info","message":"Checking 0 running sessions for completion","service":"instagram-scraper","timestamp":"2025-07-31 22:40:37"}
{"level":"info","message":"Checking 0 running sessions for completion","service":"instagram-scraper","timestamp":"2025-07-31 22:40:47"}
{"level":"info","message":"Checking 0 running sessions for completion","service":"instagram-scraper","timestamp":"2025-07-31 22:40:57"}
{"level":"info","message":"Checking 0 running sessions for completion","service":"instagram-scraper","timestamp":"2025-07-31 22:41:07"}
{"level":"info","message":"Checking 0 running sessions for completion","service":"instagram-scraper","timestamp":"2025-07-31 22:41:17"}
{"level":"info","message":"Checking 0 running sessions for completion","service":"instagram-scraper","timestamp":"2025-07-31 22:41:28"}
{"level":"info","message":"Checking 0 running sessions for completion","service":"instagram-scraper","timestamp":"2025-07-31 22:41:37"}
{"level":"info","message":"Cloudflare R2 configuration detected","service":"instagram-scraper","timestamp":"2025-07-31 22:41:56"}
{"level":"info","message":"Cloudflare R2 client initialized successfully","service":"instagram-scraper","timestamp":"2025-07-31 22:41:56"}
{"level":"info","message":"Cloudflare CDN conversion enabled","service":"instagram-scraper","timestamp":"2025-07-31 22:41:56"}
{"level":"info","message":"N8nWebhookService initialized","retryAttempts":3,"retryDelay":5000,"service":"instagram-scraper","timestamp":"2025-07-31 22:41:56","webhookUrl":"https://evoked.app.n8n.cloud/webhook/analysed-data"}
{"level":"info","message":"MongoDB connected successfully","service":"instagram-scraper","timestamp":"2025-07-31 22:41:58"}
{"level":"info","message":"Redis client connected","service":"instagram-scraper","timestamp":"2025-07-31 22:41:58"}
{"level":"info","message":"Redis client ready","service":"instagram-scraper","timestamp":"2025-07-31 22:41:58"}
{"level":"info","message":"Connected to Redis at localhost:6379","service":"instagram-scraper","timestamp":"2025-07-31 22:41:58"}
{"level":"info","message":"Initializing queue processors...","service":"instagram-scraper","timestamp":"2025-07-31 22:41:58"}
{"level":"info","message":"Root profile queue processor initialized","service":"instagram-scraper","timestamp":"2025-07-31 22:41:58"}
{"level":"info","message":"Related profile queue processor initialized","service":"instagram-scraper","timestamp":"2025-07-31 22:41:58"}
{"level":"info","message":"Depth processing queue processor initialized","service":"instagram-scraper","timestamp":"2025-07-31 22:41:58"}
{"level":"info","message":"Related profile batch queue processor initialized","service":"instagram-scraper","timestamp":"2025-07-31 22:41:58"}
{"level":"info","message":"Analysis will be processed through n8n webhook","service":"instagram-scraper","timestamp":"2025-07-31 22:41:58"}
{"level":"info","message":"All queue processors initialized successfully","service":"instagram-scraper","timestamp":"2025-07-31 22:41:58"}
{"level":"info","message":"Socket.IO server initialized","service":"instagram-scraper","timestamp":"2025-07-31 22:41:58"}
{"level":"info","message":"Session completion checker started","service":"instagram-scraper","timestamp":"2025-07-31 22:41:58"}
{"level":"info","message":"Server is running on port 5000","service":"instagram-scraper","timestamp":"2025-07-31 22:41:58"}
{"level":"info","message":"Environment: development","service":"instagram-scraper","timestamp":"2025-07-31 22:41:58"}
{"level":"info","message":"Socket.IO server initialized","service":"instagram-scraper","timestamp":"2025-07-31 22:41:58"}
{"level":"info","message":"New socket connection: OnS1ga-xTyyhBx53AAAB","service":"instagram-scraper","timestamp":"2025-07-31 22:42:02"}
{"level":"info","message":"Checking 0 running sessions for completion","service":"instagram-scraper","timestamp":"2025-07-31 22:42:08"}
{"level":"info","message":"Checking 0 running sessions for completion","service":"instagram-scraper","timestamp":"2025-07-31 22:42:18"}
{"level":"info","message":"Checking 0 running sessions for completion","service":"instagram-scraper","timestamp":"2025-07-31 22:42:28"}
{"level":"info","message":"Checking 0 running sessions for completion","service":"instagram-scraper","timestamp":"2025-07-31 22:42:38"}
{"level":"info","message":"Checking 0 running sessions for completion","service":"instagram-scraper","timestamp":"2025-07-31 22:42:48"}
{"level":"info","message":"Checking 0 running sessions for completion","service":"instagram-scraper","timestamp":"2025-07-31 22:42:58"}
{"level":"info","message":"Socket disconnected: OnS1ga-xTyyhBx53AAAB","service":"instagram-scraper","timestamp":"2025-07-31 22:43:08"}
{"level":"info","message":"Checking 0 running sessions for completion","service":"instagram-scraper","timestamp":"2025-07-31 22:43:08"}
{"level":"info","message":"New socket connection: 5qELUQHOC_cWCasuAAAD","service":"instagram-scraper","timestamp":"2025-07-31 22:43:09"}
{"level":"info","message":"Checking 0 running sessions for completion","service":"instagram-scraper","timestamp":"2025-07-31 22:43:18"}
{"level":"info","message":"Checking 0 running sessions for completion","service":"instagram-scraper","timestamp":"2025-07-31 22:43:28"}
{"level":"info","message":"Checking 0 running sessions for completion","service":"instagram-scraper","timestamp":"2025-07-31 22:43:38"}
{"level":"info","message":"Checking 0 running sessions for completion","service":"instagram-scraper","timestamp":"2025-07-31 22:43:48"}
{"level":"info","message":"Checking 0 running sessions for completion","service":"instagram-scraper","timestamp":"2025-07-31 22:43:58"}
{"level":"info","message":"Checking 0 running sessions for completion","service":"instagram-scraper","timestamp":"2025-07-31 22:44:08"}
{"level":"info","message":"Checking 0 running sessions for completion","service":"instagram-scraper","timestamp":"2025-07-31 22:44:18"}
{"level":"info","message":"Checking 0 running sessions for completion","service":"instagram-scraper","timestamp":"2025-07-31 22:44:28"}
{"level":"info","message":"Checking 0 running sessions for completion","service":"instagram-scraper","timestamp":"2025-07-31 22:44:38"}
{"level":"info","message":"Checking 0 running sessions for completion","service":"instagram-scraper","timestamp":"2025-07-31 22:44:48"}
{"level":"info","message":"Checking 0 running sessions for completion","service":"instagram-scraper","timestamp":"2025-07-31 22:44:58"}
{"level":"info","message":"Checking 0 running sessions for completion","service":"instagram-scraper","timestamp":"2025-07-31 22:45:08"}
{"level":"info","message":"Checking 0 running sessions for completion","service":"instagram-scraper","timestamp":"2025-07-31 22:45:18"}
{"level":"info","message":"Checking 0 running sessions for completion","service":"instagram-scraper","timestamp":"2025-07-31 22:45:28"}
{"level":"info","message":"Socket disconnected: 5qELUQHOC_cWCasuAAAD","service":"instagram-scraper","timestamp":"2025-07-31 22:45:37"}
{"level":"info","message":"Checking 0 running sessions for completion","service":"instagram-scraper","timestamp":"2025-07-31 22:45:38"}
{"level":"info","message":"Checking 0 running sessions for completion","service":"instagram-scraper","timestamp":"2025-07-31 22:45:48"}
{"level":"info","message":"Checking 0 running sessions for completion","service":"instagram-scraper","timestamp":"2025-07-31 22:45:58"}
{"level":"info","message":"Checking 0 running sessions for completion","service":"instagram-scraper","timestamp":"2025-07-31 22:46:08"}
{"level":"info","message":"Checking 0 running sessions for completion","service":"instagram-scraper","timestamp":"2025-07-31 22:46:18"}
{"level":"info","message":"Checking 0 running sessions for completion","service":"instagram-scraper","timestamp":"2025-07-31 22:46:28"}
{"level":"info","message":"Checking 0 running sessions for completion","service":"instagram-scraper","timestamp":"2025-07-31 22:46:38"}
{"level":"info","message":"Checking 0 running sessions for completion","service":"instagram-scraper","timestamp":"2025-07-31 22:46:48"}
{"level":"info","message":"Checking 0 running sessions for completion","service":"instagram-scraper","timestamp":"2025-07-31 22:46:58"}
{"level":"info","message":"Checking 0 running sessions for completion","service":"instagram-scraper","timestamp":"2025-07-31 22:47:08"}
{"level":"info","message":"Checking 0 running sessions for completion","service":"instagram-scraper","timestamp":"2025-07-31 22:47:18"}
{"level":"info","message":"Checking 0 running sessions for completion","service":"instagram-scraper","timestamp":"2025-07-31 22:47:28"}
{"level":"info","message":"Checking 0 running sessions for completion","service":"instagram-scraper","timestamp":"2025-07-31 22:47:38"}
{"level":"info","message":"Checking 0 running sessions for completion","service":"instagram-scraper","timestamp":"2025-07-31 22:47:48"}
{"level":"warn","message":"MongoDB disconnected","service":"instagram-scraper","timestamp":"2025-07-31 22:48:17"}
{"level":"error","message":"Error in scheduled completion check: connection 3 to 159.41.183.78:27017 closed","reason":{"commonWireVersion":0,"compatible":true,"heartbeatFrequencyMS":10000,"localThresholdMS":15,"logicalSessionTimeoutMinutes":30,"maxElectionId":"7fffffff00000000000000ee","maxSetVersion":265,"servers":{},"setName":"atlas-6t1jhu-shard-0","stale":false,"type":"ReplicaSetNoPrimary"},"service":"instagram-scraper","stack":"MongoServerSelectionError: connection 3 to 159.41.183.78:27017 closed\n    at Timeout._onTimeout (C:\\Users\\Asraful\\Desktop\\scraper system\\backend\\node_modules\\mongodb\\lib\\sdam\\topology.js:278:38)\n    at listOnTimeout (node:internal/timers:608:17)\n    at process.processTimers (node:internal/timers:543:7)","timestamp":"2025-07-31 22:48:22"}
{"level":"error","message":"Error in scheduled completion check: connection 3 to 159.41.183.78:27017 closed","reason":{"commonWireVersion":0,"compatible":true,"heartbeatFrequencyMS":10000,"localThresholdMS":15,"logicalSessionTimeoutMinutes":30,"maxElectionId":"7fffffff00000000000000ee","maxSetVersion":265,"servers":{},"setName":"atlas-6t1jhu-shard-0","stale":false,"type":"ReplicaSetNoPrimary"},"service":"instagram-scraper","stack":"MongoServerSelectionError: connection 3 to 159.41.183.78:27017 closed\n    at Timeout._onTimeout (C:\\Users\\Asraful\\Desktop\\scraper system\\backend\\node_modules\\mongodb\\lib\\sdam\\topology.js:278:38)\n    at listOnTimeout (node:internal/timers:608:17)\n    at process.processTimers (node:internal/timers:543:7)","timestamp":"2025-07-31 22:48:23"}
{"level":"error","message":"Error in scheduled completion check: getaddrinfo ENOTFOUND ac-avk47ne-shard-00-00.ybrgzel.mongodb.net","reason":{"commonWireVersion":0,"compatible":true,"heartbeatFrequencyMS":10000,"localThresholdMS":15,"logicalSessionTimeoutMinutes":null,"maxElectionId":"7fffffff00000000000000ee","maxSetVersion":265,"servers":{},"setName":"atlas-6t1jhu-shard-0","stale":false,"type":"ReplicaSetNoPrimary"},"service":"instagram-scraper","stack":"MongoServerSelectionError: getaddrinfo ENOTFOUND ac-avk47ne-shard-00-00.ybrgzel.mongodb.net\n    at Timeout._onTimeout (C:\\Users\\Asraful\\Desktop\\scraper system\\backend\\node_modules\\mongodb\\lib\\sdam\\topology.js:278:38)\n    at listOnTimeout (node:internal/timers:608:17)\n    at process.processTimers (node:internal/timers:543:7)","timestamp":"2025-07-31 22:48:32"}
{"level":"error","message":"Error in scheduled completion check: getaddrinfo ENOTFOUND ac-avk47ne-shard-00-00.ybrgzel.mongodb.net","reason":{"commonWireVersion":0,"compatible":true,"heartbeatFrequencyMS":10000,"localThresholdMS":15,"logicalSessionTimeoutMinutes":null,"maxElectionId":"7fffffff00000000000000ee","maxSetVersion":265,"servers":{},"setName":"atlas-6t1jhu-shard-0","stale":false,"type":"ReplicaSetNoPrimary"},"service":"instagram-scraper","stack":"MongoServerSelectionError: getaddrinfo ENOTFOUND ac-avk47ne-shard-00-00.ybrgzel.mongodb.net\n    at Timeout._onTimeout (C:\\Users\\Asraful\\Desktop\\scraper system\\backend\\node_modules\\mongodb\\lib\\sdam\\topology.js:278:38)\n    at listOnTimeout (node:internal/timers:608:17)\n    at process.processTimers (node:internal/timers:543:7)","timestamp":"2025-07-31 22:48:33"}
{"level":"error","message":"Error in scheduled completion check: getaddrinfo ENOTFOUND ac-avk47ne-shard-00-00.ybrgzel.mongodb.net","reason":{"commonWireVersion":0,"compatible":true,"heartbeatFrequencyMS":10000,"localThresholdMS":15,"logicalSessionTimeoutMinutes":null,"maxElectionId":"7fffffff00000000000000ee","maxSetVersion":265,"servers":{},"setName":"atlas-6t1jhu-shard-0","stale":false,"type":"ReplicaSetNoPrimary"},"service":"instagram-scraper","stack":"MongoServerSelectionError: getaddrinfo ENOTFOUND ac-avk47ne-shard-00-00.ybrgzel.mongodb.net\n    at Timeout._onTimeout (C:\\Users\\Asraful\\Desktop\\scraper system\\backend\\node_modules\\mongodb\\lib\\sdam\\topology.js:278:38)\n    at listOnTimeout (node:internal/timers:608:17)\n    at process.processTimers (node:internal/timers:543:7)","timestamp":"2025-07-31 22:48:43"}
{"level":"error","message":"Error in scheduled completion check: getaddrinfo ENOTFOUND ac-avk47ne-shard-00-00.ybrgzel.mongodb.net","reason":{"commonWireVersion":0,"compatible":true,"heartbeatFrequencyMS":10000,"localThresholdMS":15,"logicalSessionTimeoutMinutes":null,"maxElectionId":"7fffffff00000000000000ee","maxSetVersion":265,"servers":{},"setName":"atlas-6t1jhu-shard-0","stale":false,"type":"ReplicaSetNoPrimary"},"service":"instagram-scraper","stack":"MongoServerSelectionError: getaddrinfo ENOTFOUND ac-avk47ne-shard-00-00.ybrgzel.mongodb.net\n    at Timeout._onTimeout (C:\\Users\\Asraful\\Desktop\\scraper system\\backend\\node_modules\\mongodb\\lib\\sdam\\topology.js:278:38)\n    at listOnTimeout (node:internal/timers:608:17)\n    at process.processTimers (node:internal/timers:543:7)","timestamp":"2025-07-31 22:48:53"}
{"level":"error","message":"Error in scheduled completion check: getaddrinfo ENOTFOUND ac-avk47ne-shard-00-00.ybrgzel.mongodb.net","reason":{"commonWireVersion":0,"compatible":true,"heartbeatFrequencyMS":10000,"localThresholdMS":15,"logicalSessionTimeoutMinutes":null,"maxElectionId":"7fffffff00000000000000ee","maxSetVersion":265,"servers":{},"setName":"atlas-6t1jhu-shard-0","stale":false,"type":"ReplicaSetNoPrimary"},"service":"instagram-scraper","stack":"MongoServerSelectionError: getaddrinfo ENOTFOUND ac-avk47ne-shard-00-00.ybrgzel.mongodb.net\n    at Timeout._onTimeout (C:\\Users\\Asraful\\Desktop\\scraper system\\backend\\node_modules\\mongodb\\lib\\sdam\\topology.js:278:38)\n    at listOnTimeout (node:internal/timers:608:17)\n    at process.processTimers (node:internal/timers:543:7)","timestamp":"2025-07-31 22:49:03"}
{"level":"error","message":"Error in scheduled completion check: getaddrinfo ENOTFOUND ac-avk47ne-shard-00-00.ybrgzel.mongodb.net","reason":{"commonWireVersion":0,"compatible":true,"heartbeatFrequencyMS":10000,"localThresholdMS":15,"logicalSessionTimeoutMinutes":null,"maxElectionId":"7fffffff00000000000000ee","maxSetVersion":265,"servers":{},"setName":"atlas-6t1jhu-shard-0","stale":false,"type":"ReplicaSetNoPrimary"},"service":"instagram-scraper","stack":"MongoServerSelectionError: getaddrinfo ENOTFOUND ac-avk47ne-shard-00-00.ybrgzel.mongodb.net\n    at Timeout._onTimeout (C:\\Users\\Asraful\\Desktop\\scraper system\\backend\\node_modules\\mongodb\\lib\\sdam\\topology.js:278:38)\n    at listOnTimeout (node:internal/timers:608:17)\n    at process.processTimers (node:internal/timers:543:7)","timestamp":"2025-07-31 22:49:13"}
{"level":"error","message":"Error in scheduled completion check: getaddrinfo ENOTFOUND ac-avk47ne-shard-00-02.ybrgzel.mongodb.net","reason":{"commonWireVersion":0,"compatible":true,"heartbeatFrequencyMS":10000,"localThresholdMS":15,"logicalSessionTimeoutMinutes":30,"maxElectionId":"7fffffff00000000000000ee","maxSetVersion":265,"servers":{},"setName":"atlas-6t1jhu-shard-0","stale":false,"type":"ReplicaSetNoPrimary"},"service":"instagram-scraper","stack":"MongoServerSelectionError: getaddrinfo ENOTFOUND ac-avk47ne-shard-00-02.ybrgzel.mongodb.net\n    at Timeout._onTimeout (C:\\Users\\Asraful\\Desktop\\scraper system\\backend\\node_modules\\mongodb\\lib\\sdam\\topology.js:278:38)\n    at listOnTimeout (node:internal/timers:608:17)\n    at process.processTimers (node:internal/timers:543:7)","timestamp":"2025-07-31 22:49:23"}
{"level":"info","message":"Checking 0 running sessions for completion","service":"instagram-scraper","timestamp":"2025-07-31 22:49:29"}
{"level":"info","message":"Checking 0 running sessions for completion","service":"instagram-scraper","timestamp":"2025-07-31 22:49:38"}
{"level":"info","message":"Checking 0 running sessions for completion","service":"instagram-scraper","timestamp":"2025-07-31 22:49:48"}
{"level":"info","message":"Checking 0 running sessions for completion","service":"instagram-scraper","timestamp":"2025-07-31 22:49:58"}
{"level":"info","message":"Checking 0 running sessions for completion","service":"instagram-scraper","timestamp":"2025-07-31 22:50:08"}
{"level":"info","message":"New socket connection: 3mZTO1Us9v0qD8AIAAAF","service":"instagram-scraper","timestamp":"2025-07-31 22:50:13"}
{"level":"info","message":"Checking 0 running sessions for completion","service":"instagram-scraper","timestamp":"2025-07-31 22:50:18"}
{"level":"info","message":"Checking 0 running sessions for completion","service":"instagram-scraper","timestamp":"2025-07-31 22:50:28"}
{"level":"info","message":"Socket disconnected: 3mZTO1Us9v0qD8AIAAAF","service":"instagram-scraper","timestamp":"2025-07-31 22:50:32"}
{"level":"info","message":"Checking 0 running sessions for completion","service":"instagram-scraper","timestamp":"2025-07-31 22:50:38"}
{"level":"info","message":"Checking 0 running sessions for completion","service":"instagram-scraper","timestamp":"2025-07-31 22:50:48"}
{"level":"info","message":"Checking 0 running sessions for completion","service":"instagram-scraper","timestamp":"2025-07-31 22:50:58"}
{"level":"info","message":"Checking 0 running sessions for completion","service":"instagram-scraper","timestamp":"2025-07-31 22:51:08"}
{"level":"info","message":"Checking 0 running sessions for completion","service":"instagram-scraper","timestamp":"2025-07-31 22:51:18"}
{"level":"info","message":"Checking 0 running sessions for completion","service":"instagram-scraper","timestamp":"2025-07-31 22:51:28"}
{"level":"info","message":"Checking 0 running sessions for completion","service":"instagram-scraper","timestamp":"2025-07-31 22:51:38"}
{"level":"info","message":"Checking 0 running sessions for completion","service":"instagram-scraper","timestamp":"2025-07-31 22:51:48"}
{"level":"info","message":"Checking 0 running sessions for completion","service":"instagram-scraper","timestamp":"2025-07-31 22:51:58"}
{"level":"info","message":"Checking 0 running sessions for completion","service":"instagram-scraper","timestamp":"2025-07-31 22:52:08"}
{"level":"info","message":"Checking 0 running sessions for completion","service":"instagram-scraper","timestamp":"2025-07-31 22:52:18"}
{"level":"info","message":"Checking 0 running sessions for completion","service":"instagram-scraper","timestamp":"2025-07-31 22:52:28"}
{"level":"info","message":"Checking 0 running sessions for completion","service":"instagram-scraper","timestamp":"2025-07-31 22:52:38"}
{"level":"info","message":"Checking 0 running sessions for completion","service":"instagram-scraper","timestamp":"2025-07-31 22:52:48"}
{"level":"info","message":"Checking 0 running sessions for completion","service":"instagram-scraper","timestamp":"2025-07-31 22:52:58"}
{"level":"info","message":"Checking 0 running sessions for completion","service":"instagram-scraper","timestamp":"2025-07-31 22:53:08"}
{"level":"info","message":"Checking 0 running sessions for completion","service":"instagram-scraper","timestamp":"2025-07-31 22:53:18"}
{"level":"info","message":"Checking 0 running sessions for completion","service":"instagram-scraper","timestamp":"2025-07-31 22:53:28"}
{"level":"info","message":"Checking 0 running sessions for completion","service":"instagram-scraper","timestamp":"2025-07-31 22:53:38"}
{"level":"info","message":"Checking 0 running sessions for completion","service":"instagram-scraper","timestamp":"2025-07-31 22:53:48"}
{"level":"info","message":"Checking 0 running sessions for completion","service":"instagram-scraper","timestamp":"2025-07-31 22:53:58"}
{"level":"info","message":"Checking 0 running sessions for completion","service":"instagram-scraper","timestamp":"2025-07-31 22:54:08"}
{"level":"info","message":"Checking 0 running sessions for completion","service":"instagram-scraper","timestamp":"2025-07-31 22:54:18"}
{"level":"info","message":"Checking 0 running sessions for completion","service":"instagram-scraper","timestamp":"2025-07-31 22:54:28"}
{"level":"info","message":"Checking 0 running sessions for completion","service":"instagram-scraper","timestamp":"2025-07-31 22:54:38"}
{"level":"info","message":"Checking 0 running sessions for completion","service":"instagram-scraper","timestamp":"2025-07-31 22:54:48"}
{"level":"info","message":"Checking 0 running sessions for completion","service":"instagram-scraper","timestamp":"2025-07-31 22:54:58"}
{"level":"info","message":"Checking 0 running sessions for completion","service":"instagram-scraper","timestamp":"2025-07-31 22:55:08"}
{"level":"info","message":"Checking 0 running sessions for completion","service":"instagram-scraper","timestamp":"2025-07-31 22:55:18"}
{"level":"info","message":"Checking 0 running sessions for completion","service":"instagram-scraper","timestamp":"2025-07-31 22:55:28"}
{"level":"info","message":"Checking 0 running sessions for completion","service":"instagram-scraper","timestamp":"2025-07-31 22:55:38"}
{"level":"info","message":"Checking 0 running sessions for completion","service":"instagram-scraper","timestamp":"2025-07-31 22:55:48"}
{"level":"info","message":"Checking 0 running sessions for completion","service":"instagram-scraper","timestamp":"2025-07-31 22:55:58"}
{"level":"info","message":"Checking 0 running sessions for completion","service":"instagram-scraper","timestamp":"2025-07-31 22:56:08"}
{"level":"info","message":"Checking 0 running sessions for completion","service":"instagram-scraper","timestamp":"2025-07-31 22:56:18"}
{"level":"info","message":"Checking 0 running sessions for completion","service":"instagram-scraper","timestamp":"2025-07-31 22:56:28"}
{"level":"info","message":"Checking 0 running sessions for completion","service":"instagram-scraper","timestamp":"2025-07-31 22:56:38"}
{"level":"info","message":"Checking 0 running sessions for completion","service":"instagram-scraper","timestamp":"2025-07-31 22:56:48"}
{"level":"info","message":"Checking 0 running sessions for completion","service":"instagram-scraper","timestamp":"2025-07-31 22:56:58"}
{"level":"info","message":"Checking 0 running sessions for completion","service":"instagram-scraper","timestamp":"2025-07-31 22:57:08"}
{"level":"info","message":"Checking 0 running sessions for completion","service":"instagram-scraper","timestamp":"2025-07-31 22:57:18"}
{"level":"info","message":"Checking 0 running sessions for completion","service":"instagram-scraper","timestamp":"2025-07-31 22:57:28"}
{"level":"info","message":"Checking 0 running sessions for completion","service":"instagram-scraper","timestamp":"2025-07-31 22:57:38"}
{"level":"info","message":"Checking 0 running sessions for completion","service":"instagram-scraper","timestamp":"2025-07-31 22:57:48"}
{"level":"info","message":"Checking 0 running sessions for completion","service":"instagram-scraper","timestamp":"2025-07-31 22:57:58"}
{"level":"info","message":"Checking 0 running sessions for completion","service":"instagram-scraper","timestamp":"2025-07-31 22:58:08"}
{"level":"info","message":"Checking 0 running sessions for completion","service":"instagram-scraper","timestamp":"2025-07-31 22:58:18"}
{"level":"info","message":"Checking 0 running sessions for completion","service":"instagram-scraper","timestamp":"2025-07-31 22:58:28"}
{"level":"info","message":"Checking 0 running sessions for completion","service":"instagram-scraper","timestamp":"2025-07-31 22:58:38"}
{"level":"info","message":"Checking 0 running sessions for completion","service":"instagram-scraper","timestamp":"2025-07-31 22:58:48"}
{"level":"info","message":"Checking 0 running sessions for completion","service":"instagram-scraper","timestamp":"2025-07-31 22:58:58"}
{"level":"info","message":"Checking 0 running sessions for completion","service":"instagram-scraper","timestamp":"2025-07-31 22:59:08"}
{"level":"info","message":"Checking 0 running sessions for completion","service":"instagram-scraper","timestamp":"2025-07-31 22:59:18"}
{"level":"info","message":"Checking 0 running sessions for completion","service":"instagram-scraper","timestamp":"2025-07-31 22:59:28"}
{"level":"info","message":"Checking 0 running sessions for completion","service":"instagram-scraper","timestamp":"2025-07-31 22:59:38"}
{"level":"info","message":"Checking 0 running sessions for completion","service":"instagram-scraper","timestamp":"2025-07-31 22:59:49"}
{"level":"info","message":"Checking 0 running sessions for completion","service":"instagram-scraper","timestamp":"2025-07-31 22:59:59"}
{"level":"info","message":"Checking 0 running sessions for completion","service":"instagram-scraper","timestamp":"2025-07-31 23:00:09"}
{"level":"info","message":"Checking 0 running sessions for completion","service":"instagram-scraper","timestamp":"2025-07-31 23:00:19"}
{"level":"info","message":"Checking 0 running sessions for completion","service":"instagram-scraper","timestamp":"2025-07-31 23:00:29"}
{"level":"info","message":"Checking 0 running sessions for completion","service":"instagram-scraper","timestamp":"2025-07-31 23:00:39"}
{"level":"info","message":"Checking 0 running sessions for completion","service":"instagram-scraper","timestamp":"2025-07-31 23:00:49"}
{"level":"info","message":"Checking 0 running sessions for completion","service":"instagram-scraper","timestamp":"2025-07-31 23:00:59"}
{"level":"info","message":"Checking 0 running sessions for completion","service":"instagram-scraper","timestamp":"2025-07-31 23:01:09"}
{"level":"info","message":"Checking 0 running sessions for completion","service":"instagram-scraper","timestamp":"2025-07-31 23:01:19"}
{"level":"info","message":"Checking 0 running sessions for completion","service":"instagram-scraper","timestamp":"2025-07-31 23:01:29"}
{"level":"info","message":"Checking 0 running sessions for completion","service":"instagram-scraper","timestamp":"2025-07-31 23:01:39"}
{"level":"info","message":"Checking 0 running sessions for completion","service":"instagram-scraper","timestamp":"2025-07-31 23:01:49"}
{"level":"info","message":"Checking 0 running sessions for completion","service":"instagram-scraper","timestamp":"2025-07-31 23:01:59"}
{"level":"info","message":"Checking 0 running sessions for completion","service":"instagram-scraper","timestamp":"2025-07-31 23:02:09"}
{"level":"info","message":"Checking 0 running sessions for completion","service":"instagram-scraper","timestamp":"2025-07-31 23:02:19"}
{"level":"info","message":"Checking 0 running sessions for completion","service":"instagram-scraper","timestamp":"2025-07-31 23:02:29"}
{"level":"info","message":"Checking 0 running sessions for completion","service":"instagram-scraper","timestamp":"2025-07-31 23:02:39"}
{"level":"info","message":"Checking 0 running sessions for completion","service":"instagram-scraper","timestamp":"2025-07-31 23:02:49"}
{"level":"info","message":"Checking 0 running sessions for completion","service":"instagram-scraper","timestamp":"2025-07-31 23:02:59"}
{"level":"info","message":"Checking 0 running sessions for completion","service":"instagram-scraper","timestamp":"2025-07-31 23:03:09"}
{"level":"info","message":"Checking 0 running sessions for completion","service":"instagram-scraper","timestamp":"2025-07-31 23:03:19"}
{"level":"info","message":"Checking 0 running sessions for completion","service":"instagram-scraper","timestamp":"2025-07-31 23:03:29"}
{"level":"info","message":"Checking 0 running sessions for completion","service":"instagram-scraper","timestamp":"2025-07-31 23:03:39"}
{"level":"info","message":"Checking 0 running sessions for completion","service":"instagram-scraper","timestamp":"2025-07-31 23:03:49"}
{"level":"info","message":"Checking 0 running sessions for completion","service":"instagram-scraper","timestamp":"2025-07-31 23:03:59"}
{"level":"info","message":"Checking 0 running sessions for completion","service":"instagram-scraper","timestamp":"2025-07-31 23:04:09"}
{"level":"info","message":"Checking 0 running sessions for completion","service":"instagram-scraper","timestamp":"2025-07-31 23:04:19"}
{"level":"info","message":"Checking 0 running sessions for completion","service":"instagram-scraper","timestamp":"2025-07-31 23:04:29"}
{"level":"info","message":"Checking 0 running sessions for completion","service":"instagram-scraper","timestamp":"2025-07-31 23:04:39"}
{"level":"info","message":"Checking 0 running sessions for completion","service":"instagram-scraper","timestamp":"2025-07-31 23:04:49"}
{"level":"info","message":"Checking 0 running sessions for completion","service":"instagram-scraper","timestamp":"2025-07-31 23:04:59"}
{"level":"info","message":"Checking 0 running sessions for completion","service":"instagram-scraper","timestamp":"2025-07-31 23:05:09"}
{"level":"info","message":"Checking 0 running sessions for completion","service":"instagram-scraper","timestamp":"2025-07-31 23:05:19"}
{"level":"info","message":"Checking 0 running sessions for completion","service":"instagram-scraper","timestamp":"2025-07-31 23:05:29"}
{"level":"info","message":"Checking 0 running sessions for completion","service":"instagram-scraper","timestamp":"2025-07-31 23:05:39"}
{"level":"info","message":"Checking 0 running sessions for completion","service":"instagram-scraper","timestamp":"2025-07-31 23:05:49"}
{"level":"info","message":"Checking 0 running sessions for completion","service":"instagram-scraper","timestamp":"2025-07-31 23:05:59"}
{"level":"info","message":"Checking 0 running sessions for completion","service":"instagram-scraper","timestamp":"2025-07-31 23:06:09"}
{"level":"info","message":"Checking 0 running sessions for completion","service":"instagram-scraper","timestamp":"2025-07-31 23:06:19"}
{"level":"info","message":"Checking 0 running sessions for completion","service":"instagram-scraper","timestamp":"2025-07-31 23:06:29"}
{"level":"info","message":"Checking 0 running sessions for completion","service":"instagram-scraper","timestamp":"2025-07-31 23:06:39"}
{"level":"info","message":"Checking 0 running sessions for completion","service":"instagram-scraper","timestamp":"2025-07-31 23:06:49"}
{"level":"info","message":"Checking 0 running sessions for completion","service":"instagram-scraper","timestamp":"2025-07-31 23:06:59"}
{"level":"info","message":"Checking 0 running sessions for completion","service":"instagram-scraper","timestamp":"2025-07-31 23:07:09"}
{"level":"info","message":"Checking 0 running sessions for completion","service":"instagram-scraper","timestamp":"2025-07-31 23:07:19"}
{"level":"info","message":"Checking 0 running sessions for completion","service":"instagram-scraper","timestamp":"2025-07-31 23:07:29"}
{"level":"info","message":"Checking 0 running sessions for completion","service":"instagram-scraper","timestamp":"2025-07-31 23:07:39"}
{"level":"info","message":"Checking 0 running sessions for completion","service":"instagram-scraper","timestamp":"2025-07-31 23:07:49"}
{"level":"info","message":"Checking 0 running sessions for completion","service":"instagram-scraper","timestamp":"2025-07-31 23:07:59"}
{"level":"info","message":"Checking 0 running sessions for completion","service":"instagram-scraper","timestamp":"2025-07-31 23:08:09"}
{"level":"info","message":"Checking 0 running sessions for completion","service":"instagram-scraper","timestamp":"2025-07-31 23:08:19"}
{"level":"info","message":"Checking 0 running sessions for completion","service":"instagram-scraper","timestamp":"2025-07-31 23:08:29"}
{"level":"info","message":"Checking 0 running sessions for completion","service":"instagram-scraper","timestamp":"2025-07-31 23:08:39"}
{"level":"info","message":"Checking 0 running sessions for completion","service":"instagram-scraper","timestamp":"2025-07-31 23:08:49"}
{"level":"info","message":"Checking 0 running sessions for completion","service":"instagram-scraper","timestamp":"2025-07-31 23:08:59"}
{"level":"info","message":"Checking 0 running sessions for completion","service":"instagram-scraper","timestamp":"2025-07-31 23:09:09"}
{"level":"info","message":"Checking 0 running sessions for completion","service":"instagram-scraper","timestamp":"2025-07-31 23:09:19"}
{"level":"info","message":"Checking 0 running sessions for completion","service":"instagram-scraper","timestamp":"2025-07-31 23:09:29"}
{"level":"info","message":"Checking 0 running sessions for completion","service":"instagram-scraper","timestamp":"2025-07-31 23:09:39"}
{"level":"info","message":"Checking 0 running sessions for completion","service":"instagram-scraper","timestamp":"2025-07-31 23:09:49"}
{"level":"info","message":"Checking 0 running sessions for completion","service":"instagram-scraper","timestamp":"2025-07-31 23:09:59"}
{"level":"info","message":"Checking 0 running sessions for completion","service":"instagram-scraper","timestamp":"2025-07-31 23:10:09"}
{"level":"info","message":"Checking 0 running sessions for completion","service":"instagram-scraper","timestamp":"2025-07-31 23:10:19"}
{"level":"info","message":"Checking 0 running sessions for completion","service":"instagram-scraper","timestamp":"2025-07-31 23:10:29"}
{"level":"info","message":"Checking 0 running sessions for completion","service":"instagram-scraper","timestamp":"2025-07-31 23:10:39"}
{"level":"info","message":"Checking 0 running sessions for completion","service":"instagram-scraper","timestamp":"2025-07-31 23:10:49"}
{"level":"info","message":"Checking 0 running sessions for completion","service":"instagram-scraper","timestamp":"2025-07-31 23:10:59"}
{"level":"info","message":"Checking 0 running sessions for completion","service":"instagram-scraper","timestamp":"2025-07-31 23:11:09"}
{"level":"info","message":"Checking 0 running sessions for completion","service":"instagram-scraper","timestamp":"2025-07-31 23:11:19"}
{"level":"info","message":"Checking 0 running sessions for completion","service":"instagram-scraper","timestamp":"2025-07-31 23:11:29"}
{"level":"info","message":"Checking 0 running sessions for completion","service":"instagram-scraper","timestamp":"2025-07-31 23:11:39"}
{"level":"info","message":"Checking 0 running sessions for completion","service":"instagram-scraper","timestamp":"2025-07-31 23:11:49"}
{"level":"info","message":"Checking 0 running sessions for completion","service":"instagram-scraper","timestamp":"2025-07-31 23:11:59"}
{"level":"info","message":"Checking 0 running sessions for completion","service":"instagram-scraper","timestamp":"2025-07-31 23:12:09"}
{"level":"info","message":"Checking 0 running sessions for completion","service":"instagram-scraper","timestamp":"2025-07-31 23:12:19"}
{"level":"info","message":"Checking 0 running sessions for completion","service":"instagram-scraper","timestamp":"2025-07-31 23:12:29"}
{"level":"info","message":"Checking 0 running sessions for completion","service":"instagram-scraper","timestamp":"2025-07-31 23:12:39"}
{"level":"info","message":"Checking 0 running sessions for completion","service":"instagram-scraper","timestamp":"2025-07-31 23:12:49"}
{"level":"info","message":"Checking 0 running sessions for completion","service":"instagram-scraper","timestamp":"2025-07-31 23:12:59"}
{"level":"info","message":"Checking 0 running sessions for completion","service":"instagram-scraper","timestamp":"2025-07-31 23:13:09"}
{"level":"info","message":"Checking 0 running sessions for completion","service":"instagram-scraper","timestamp":"2025-07-31 23:13:19"}
{"level":"info","message":"Checking 0 running sessions for completion","service":"instagram-scraper","timestamp":"2025-07-31 23:13:29"}
{"level":"info","message":"Checking 0 running sessions for completion","service":"instagram-scraper","timestamp":"2025-07-31 23:13:39"}
{"level":"info","message":"Checking 0 running sessions for completion","service":"instagram-scraper","timestamp":"2025-07-31 23:13:49"}
{"level":"info","message":"Checking 0 running sessions for completion","service":"instagram-scraper","timestamp":"2025-07-31 23:13:59"}
{"level":"info","message":"Checking 0 running sessions for completion","service":"instagram-scraper","timestamp":"2025-07-31 23:14:09"}
{"level":"info","message":"Checking 0 running sessions for completion","service":"instagram-scraper","timestamp":"2025-07-31 23:14:19"}
{"level":"info","message":"Checking 0 running sessions for completion","service":"instagram-scraper","timestamp":"2025-07-31 23:14:29"}
{"level":"info","message":"Checking 0 running sessions for completion","service":"instagram-scraper","timestamp":"2025-07-31 23:14:39"}
{"level":"info","message":"Checking 0 running sessions for completion","service":"instagram-scraper","timestamp":"2025-07-31 23:14:49"}
{"level":"info","message":"Checking 0 running sessions for completion","service":"instagram-scraper","timestamp":"2025-07-31 23:14:59"}
{"level":"info","message":"Checking 0 running sessions for completion","service":"instagram-scraper","timestamp":"2025-07-31 23:15:09"}
{"level":"info","message":"Checking 0 running sessions for completion","service":"instagram-scraper","timestamp":"2025-07-31 23:15:19"}
{"level":"info","message":"Checking 0 running sessions for completion","service":"instagram-scraper","timestamp":"2025-07-31 23:15:29"}
{"level":"info","message":"Checking 0 running sessions for completion","service":"instagram-scraper","timestamp":"2025-07-31 23:15:39"}
{"level":"info","message":"Checking 0 running sessions for completion","service":"instagram-scraper","timestamp":"2025-07-31 23:15:49"}
{"level":"info","message":"Checking 0 running sessions for completion","service":"instagram-scraper","timestamp":"2025-07-31 23:15:59"}
{"level":"info","message":"Checking 0 running sessions for completion","service":"instagram-scraper","timestamp":"2025-07-31 23:16:09"}
{"level":"info","message":"Checking 0 running sessions for completion","service":"instagram-scraper","timestamp":"2025-07-31 23:16:19"}
{"level":"info","message":"Checking 0 running sessions for completion","service":"instagram-scraper","timestamp":"2025-07-31 23:16:29"}
{"level":"info","message":"Checking 0 running sessions for completion","service":"instagram-scraper","timestamp":"2025-07-31 23:16:39"}
{"level":"info","message":"Checking 0 running sessions for completion","service":"instagram-scraper","timestamp":"2025-07-31 23:16:49"}
{"level":"info","message":"Checking 0 running sessions for completion","service":"instagram-scraper","timestamp":"2025-07-31 23:16:59"}
{"level":"info","message":"Checking 0 running sessions for completion","service":"instagram-scraper","timestamp":"2025-07-31 23:17:09"}
{"level":"info","message":"Checking 0 running sessions for completion","service":"instagram-scraper","timestamp":"2025-07-31 23:17:19"}
{"level":"info","message":"Checking 0 running sessions for completion","service":"instagram-scraper","timestamp":"2025-07-31 23:17:29"}
{"level":"info","message":"Checking 0 running sessions for completion","service":"instagram-scraper","timestamp":"2025-07-31 23:17:39"}
{"level":"info","message":"Checking 0 running sessions for completion","service":"instagram-scraper","timestamp":"2025-07-31 23:17:49"}
{"level":"info","message":"Checking 0 running sessions for completion","service":"instagram-scraper","timestamp":"2025-07-31 23:17:59"}
{"level":"info","message":"Checking 0 running sessions for completion","service":"instagram-scraper","timestamp":"2025-07-31 23:18:09"}
{"level":"info","message":"Checking 0 running sessions for completion","service":"instagram-scraper","timestamp":"2025-07-31 23:18:19"}
{"level":"info","message":"Checking 0 running sessions for completion","service":"instagram-scraper","timestamp":"2025-07-31 23:18:29"}
{"level":"info","message":"Checking 0 running sessions for completion","service":"instagram-scraper","timestamp":"2025-07-31 23:18:39"}
{"level":"info","message":"Checking 0 running sessions for completion","service":"instagram-scraper","timestamp":"2025-07-31 23:18:49"}
{"level":"info","message":"Checking 0 running sessions for completion","service":"instagram-scraper","timestamp":"2025-07-31 23:18:59"}
{"level":"info","message":"Checking 0 running sessions for completion","service":"instagram-scraper","timestamp":"2025-07-31 23:19:09"}
{"level":"info","message":"Checking 0 running sessions for completion","service":"instagram-scraper","timestamp":"2025-07-31 23:19:19"}
{"level":"info","message":"Checking 0 running sessions for completion","service":"instagram-scraper","timestamp":"2025-07-31 23:19:29"}
{"level":"info","message":"Checking 0 running sessions for completion","service":"instagram-scraper","timestamp":"2025-07-31 23:19:39"}
{"level":"info","message":"Checking 0 running sessions for completion","service":"instagram-scraper","timestamp":"2025-07-31 23:19:49"}
{"level":"info","message":"Checking 0 running sessions for completion","service":"instagram-scraper","timestamp":"2025-07-31 23:20:00"}
{"level":"info","message":"Checking 0 running sessions for completion","service":"instagram-scraper","timestamp":"2025-07-31 23:20:09"}
{"level":"info","message":"Checking 0 running sessions for completion","service":"instagram-scraper","timestamp":"2025-07-31 23:20:19"}
{"level":"info","message":"Checking 0 running sessions for completion","service":"instagram-scraper","timestamp":"2025-07-31 23:20:29"}
{"level":"info","message":"Checking 0 running sessions for completion","service":"instagram-scraper","timestamp":"2025-07-31 23:20:39"}
{"level":"info","message":"Checking 0 running sessions for completion","service":"instagram-scraper","timestamp":"2025-07-31 23:20:49"}
{"level":"info","message":"Checking 0 running sessions for completion","service":"instagram-scraper","timestamp":"2025-07-31 23:20:59"}
{"level":"info","message":"Checking 0 running sessions for completion","service":"instagram-scraper","timestamp":"2025-07-31 23:21:09"}
{"level":"info","message":"Checking 0 running sessions for completion","service":"instagram-scraper","timestamp":"2025-07-31 23:21:19"}
{"level":"info","message":"Checking 0 running sessions for completion","service":"instagram-scraper","timestamp":"2025-07-31 23:21:29"}
{"level":"info","message":"Checking 0 running sessions for completion","service":"instagram-scraper","timestamp":"2025-07-31 23:21:39"}
{"level":"info","message":"Checking 0 running sessions for completion","service":"instagram-scraper","timestamp":"2025-07-31 23:21:50"}
{"level":"info","message":"Checking 0 running sessions for completion","service":"instagram-scraper","timestamp":"2025-07-31 23:22:00"}
{"level":"info","message":"Checking 0 running sessions for completion","service":"instagram-scraper","timestamp":"2025-07-31 23:22:10"}
{"level":"info","message":"Checking 0 running sessions for completion","service":"instagram-scraper","timestamp":"2025-07-31 23:22:20"}
{"level":"info","message":"Checking 0 running sessions for completion","service":"instagram-scraper","timestamp":"2025-07-31 23:22:30"}
{"level":"info","message":"Checking 0 running sessions for completion","service":"instagram-scraper","timestamp":"2025-07-31 23:22:40"}
{"level":"info","message":"Checking 0 running sessions for completion","service":"instagram-scraper","timestamp":"2025-07-31 23:22:50"}
{"level":"info","message":"Checking 0 running sessions for completion","service":"instagram-scraper","timestamp":"2025-07-31 23:23:00"}
{"level":"info","message":"Checking 0 running sessions for completion","service":"instagram-scraper","timestamp":"2025-07-31 23:23:10"}
{"level":"info","message":"Checking 0 running sessions for completion","service":"instagram-scraper","timestamp":"2025-07-31 23:23:20"}
{"level":"info","message":"Checking 0 running sessions for completion","service":"instagram-scraper","timestamp":"2025-07-31 23:23:30"}
{"level":"info","message":"Checking 0 running sessions for completion","service":"instagram-scraper","timestamp":"2025-07-31 23:23:40"}
{"level":"info","message":"Checking 0 running sessions for completion","service":"instagram-scraper","timestamp":"2025-07-31 23:23:50"}
{"level":"info","message":"Checking 0 running sessions for completion","service":"instagram-scraper","timestamp":"2025-07-31 23:24:00"}
{"level":"info","message":"Checking 0 running sessions for completion","service":"instagram-scraper","timestamp":"2025-07-31 23:24:10"}
{"level":"info","message":"Checking 0 running sessions for completion","service":"instagram-scraper","timestamp":"2025-07-31 23:24:20"}
{"level":"info","message":"Checking 0 running sessions for completion","service":"instagram-scraper","timestamp":"2025-07-31 23:24:30"}
{"level":"info","message":"Checking 0 running sessions for completion","service":"instagram-scraper","timestamp":"2025-07-31 23:24:40"}
{"level":"info","message":"Checking 0 running sessions for completion","service":"instagram-scraper","timestamp":"2025-07-31 23:24:50"}
{"level":"info","message":"Checking 0 running sessions for completion","service":"instagram-scraper","timestamp":"2025-07-31 23:25:00"}
{"level":"info","message":"Checking 0 running sessions for completion","service":"instagram-scraper","timestamp":"2025-07-31 23:25:10"}
{"level":"info","message":"Checking 0 running sessions for completion","service":"instagram-scraper","timestamp":"2025-07-31 23:25:20"}
{"level":"info","message":"Checking 0 running sessions for completion","service":"instagram-scraper","timestamp":"2025-07-31 23:25:30"}
{"level":"info","message":"Checking 0 running sessions for completion","service":"instagram-scraper","timestamp":"2025-07-31 23:25:40"}
{"level":"info","message":"Checking 0 running sessions for completion","service":"instagram-scraper","timestamp":"2025-07-31 23:25:50"}
{"level":"info","message":"Checking 0 running sessions for completion","service":"instagram-scraper","timestamp":"2025-07-31 23:26:00"}
{"level":"info","message":"Checking 0 running sessions for completion","service":"instagram-scraper","timestamp":"2025-07-31 23:26:10"}
{"level":"info","message":"Checking 0 running sessions for completion","service":"instagram-scraper","timestamp":"2025-07-31 23:26:20"}
{"level":"info","message":"Checking 0 running sessions for completion","service":"instagram-scraper","timestamp":"2025-07-31 23:26:30"}
{"level":"info","message":"Checking 0 running sessions for completion","service":"instagram-scraper","timestamp":"2025-07-31 23:26:40"}
{"level":"info","message":"Checking 0 running sessions for completion","service":"instagram-scraper","timestamp":"2025-07-31 23:26:50"}
{"level":"info","message":"Checking 0 running sessions for completion","service":"instagram-scraper","timestamp":"2025-07-31 23:27:00"}
{"level":"info","message":"Checking 0 running sessions for completion","service":"instagram-scraper","timestamp":"2025-07-31 23:27:10"}
{"level":"info","message":"Checking 0 running sessions for completion","service":"instagram-scraper","timestamp":"2025-07-31 23:27:20"}
{"level":"info","message":"Checking 0 running sessions for completion","service":"instagram-scraper","timestamp":"2025-07-31 23:27:30"}
{"level":"info","message":"Checking 0 running sessions for completion","service":"instagram-scraper","timestamp":"2025-07-31 23:27:40"}
{"level":"info","message":"Checking 0 running sessions for completion","service":"instagram-scraper","timestamp":"2025-07-31 23:27:50"}
{"level":"info","message":"Checking 0 running sessions for completion","service":"instagram-scraper","timestamp":"2025-07-31 23:28:00"}
{"level":"info","message":"Checking 0 running sessions for completion","service":"instagram-scraper","timestamp":"2025-07-31 23:28:10"}
{"level":"info","message":"Checking 0 running sessions for completion","service":"instagram-scraper","timestamp":"2025-07-31 23:28:20"}
{"level":"info","message":"Checking 0 running sessions for completion","service":"instagram-scraper","timestamp":"2025-07-31 23:28:30"}
{"level":"info","message":"Checking 0 running sessions for completion","service":"instagram-scraper","timestamp":"2025-07-31 23:28:40"}
{"level":"info","message":"Checking 0 running sessions for completion","service":"instagram-scraper","timestamp":"2025-07-31 23:28:50"}
{"level":"info","message":"Checking 0 running sessions for completion","service":"instagram-scraper","timestamp":"2025-07-31 23:29:00"}
{"level":"info","message":"Checking 0 running sessions for completion","service":"instagram-scraper","timestamp":"2025-07-31 23:29:10"}
{"level":"info","message":"Checking 0 running sessions for completion","service":"instagram-scraper","timestamp":"2025-07-31 23:29:20"}
{"level":"info","message":"Checking 0 running sessions for completion","service":"instagram-scraper","timestamp":"2025-07-31 23:29:30"}
{"level":"info","message":"Checking 0 running sessions for completion","service":"instagram-scraper","timestamp":"2025-07-31 23:29:40"}
{"level":"info","message":"Checking 0 running sessions for completion","service":"instagram-scraper","timestamp":"2025-07-31 23:29:50"}
{"level":"info","message":"Checking 0 running sessions for completion","service":"instagram-scraper","timestamp":"2025-07-31 23:30:00"}
{"level":"info","message":"Checking 0 running sessions for completion","service":"instagram-scraper","timestamp":"2025-07-31 23:30:10"}
{"level":"info","message":"Checking 0 running sessions for completion","service":"instagram-scraper","timestamp":"2025-07-31 23:30:20"}
{"level":"info","message":"Checking 0 running sessions for completion","service":"instagram-scraper","timestamp":"2025-07-31 23:30:30"}
{"level":"info","message":"Checking 0 running sessions for completion","service":"instagram-scraper","timestamp":"2025-07-31 23:30:40"}
{"level":"info","message":"Checking 0 running sessions for completion","service":"instagram-scraper","timestamp":"2025-07-31 23:30:50"}
{"level":"info","message":"Checking 0 running sessions for completion","service":"instagram-scraper","timestamp":"2025-07-31 23:31:00"}
{"level":"info","message":"Checking 0 running sessions for completion","service":"instagram-scraper","timestamp":"2025-07-31 23:31:10"}
{"level":"info","message":"Checking 0 running sessions for completion","service":"instagram-scraper","timestamp":"2025-07-31 23:31:20"}
{"level":"info","message":"Checking 0 running sessions for completion","service":"instagram-scraper","timestamp":"2025-07-31 23:31:30"}
{"level":"info","message":"Checking 0 running sessions for completion","service":"instagram-scraper","timestamp":"2025-07-31 23:31:40"}
{"level":"info","message":"Checking 0 running sessions for completion","service":"instagram-scraper","timestamp":"2025-07-31 23:31:50"}
{"level":"info","message":"Checking 0 running sessions for completion","service":"instagram-scraper","timestamp":"2025-07-31 23:32:00"}
{"level":"info","message":"Checking 0 running sessions for completion","service":"instagram-scraper","timestamp":"2025-07-31 23:32:10"}
{"level":"info","message":"Checking 0 running sessions for completion","service":"instagram-scraper","timestamp":"2025-07-31 23:32:20"}
{"level":"info","message":"Checking 0 running sessions for completion","service":"instagram-scraper","timestamp":"2025-07-31 23:32:30"}
{"level":"info","message":"Checking 0 running sessions for completion","service":"instagram-scraper","timestamp":"2025-07-31 23:32:40"}
{"level":"info","message":"Checking 0 running sessions for completion","service":"instagram-scraper","timestamp":"2025-07-31 23:32:50"}
{"level":"info","message":"Checking 0 running sessions for completion","service":"instagram-scraper","timestamp":"2025-07-31 23:33:00"}
{"level":"info","message":"Checking 0 running sessions for completion","service":"instagram-scraper","timestamp":"2025-07-31 23:33:10"}
{"level":"info","message":"Checking 0 running sessions for completion","service":"instagram-scraper","timestamp":"2025-07-31 23:33:20"}
{"level":"info","message":"Checking 0 running sessions for completion","service":"instagram-scraper","timestamp":"2025-07-31 23:33:30"}
{"level":"info","message":"Checking 0 running sessions for completion","service":"instagram-scraper","timestamp":"2025-07-31 23:33:40"}
{"level":"info","message":"Checking 0 running sessions for completion","service":"instagram-scraper","timestamp":"2025-07-31 23:33:50"}
{"level":"info","message":"Checking 0 running sessions for completion","service":"instagram-scraper","timestamp":"2025-07-31 23:34:00"}
{"level":"info","message":"Checking 0 running sessions for completion","service":"instagram-scraper","timestamp":"2025-07-31 23:34:10"}
{"level":"info","message":"Checking 0 running sessions for completion","service":"instagram-scraper","timestamp":"2025-07-31 23:34:20"}
{"level":"info","message":"Checking 0 running sessions for completion","service":"instagram-scraper","timestamp":"2025-07-31 23:34:30"}
{"level":"info","message":"Checking 0 running sessions for completion","service":"instagram-scraper","timestamp":"2025-07-31 23:34:40"}
{"level":"info","message":"Checking 0 running sessions for completion","service":"instagram-scraper","timestamp":"2025-07-31 23:34:50"}
{"level":"info","message":"Checking 0 running sessions for completion","service":"instagram-scraper","timestamp":"2025-07-31 23:35:00"}
{"level":"info","message":"Checking 0 running sessions for completion","service":"instagram-scraper","timestamp":"2025-07-31 23:35:10"}
{"level":"info","message":"Checking 0 running sessions for completion","service":"instagram-scraper","timestamp":"2025-07-31 23:35:20"}
{"level":"info","message":"Checking 0 running sessions for completion","service":"instagram-scraper","timestamp":"2025-07-31 23:35:30"}
{"level":"info","message":"Checking 0 running sessions for completion","service":"instagram-scraper","timestamp":"2025-07-31 23:35:40"}
{"level":"info","message":"Checking 0 running sessions for completion","service":"instagram-scraper","timestamp":"2025-07-31 23:35:50"}
{"level":"info","message":"Checking 0 running sessions for completion","service":"instagram-scraper","timestamp":"2025-07-31 23:36:00"}
{"level":"info","message":"Checking 0 running sessions for completion","service":"instagram-scraper","timestamp":"2025-07-31 23:36:10"}
{"level":"info","message":"Checking 0 running sessions for completion","service":"instagram-scraper","timestamp":"2025-07-31 23:36:20"}
{"level":"info","message":"Checking 0 running sessions for completion","service":"instagram-scraper","timestamp":"2025-07-31 23:36:30"}
{"level":"info","message":"Checking 0 running sessions for completion","service":"instagram-scraper","timestamp":"2025-07-31 23:36:40"}
{"level":"info","message":"Checking 0 running sessions for completion","service":"instagram-scraper","timestamp":"2025-07-31 23:36:50"}
{"level":"info","message":"Checking 0 running sessions for completion","service":"instagram-scraper","timestamp":"2025-07-31 23:37:00"}
{"level":"info","message":"Checking 0 running sessions for completion","service":"instagram-scraper","timestamp":"2025-07-31 23:37:10"}
{"level":"info","message":"Checking 0 running sessions for completion","service":"instagram-scraper","timestamp":"2025-07-31 23:37:20"}
{"level":"info","message":"Checking 0 running sessions for completion","service":"instagram-scraper","timestamp":"2025-07-31 23:37:30"}
{"level":"info","message":"Checking 0 running sessions for completion","service":"instagram-scraper","timestamp":"2025-07-31 23:37:40"}
{"level":"info","message":"Checking 0 running sessions for completion","service":"instagram-scraper","timestamp":"2025-07-31 23:37:50"}
{"code":"ECONNRESET","errno":-4077,"level":"error","message":"Queue error in relatedProfileQueue: read ECONNRESET","service":"instagram-scraper","stack":"Error: read ECONNRESET\n    at TCP.onStreamRead (node:internal/stream_base_commons:216:20)","syscall":"read","timestamp":"2025-07-31 23:37:58"}
{"code":"ECONNRESET","errno":-4077,"level":"error","message":"Queue error in relatedProfileQueue: read ECONNRESET","service":"instagram-scraper","stack":"Error: read ECONNRESET\n    at TCP.onStreamRead (node:internal/stream_base_commons:216:20)","syscall":"read","timestamp":"2025-07-31 23:37:58"}
{"code":"ECONNRESET","errno":-4077,"level":"error","message":"Queue error in depthProcessingQueue: read ECONNRESET","service":"instagram-scraper","stack":"Error: read ECONNRESET\n    at TCP.onStreamRead (node:internal/stream_base_commons:216:20)","syscall":"read","timestamp":"2025-07-31 23:37:58"}
{"code":"ECONNRESET","errno":-4077,"level":"error","message":"Queue error in relatedProfileBatchQueue: read ECONNRESET","service":"instagram-scraper","stack":"Error: read ECONNRESET\n    at TCP.onStreamRead (node:internal/stream_base_commons:216:20)","syscall":"read","timestamp":"2025-07-31 23:37:58"}
{"code":"ECONNRESET","errno":-4077,"level":"error","message":"Queue error in analysisQueue: read ECONNRESET","service":"instagram-scraper","stack":"Error: read ECONNRESET\n    at TCP.onStreamRead (node:internal/stream_base_commons:216:20)","syscall":"read","timestamp":"2025-07-31 23:37:58"}
{"code":"ECONNRESET","errno":-4077,"level":"error","message":"Queue error in depthProcessingQueue: read ECONNRESET","service":"instagram-scraper","stack":"Error: read ECONNRESET\n    at TCP.onStreamRead (node:internal/stream_base_commons:216:20)","syscall":"read","timestamp":"2025-07-31 23:37:58"}
{"code":"ECONNRESET","errno":-4077,"level":"error","message":"Queue error in relatedProfileQueue: read ECONNRESET","service":"instagram-scraper","stack":"Error: read ECONNRESET\n    at TCP.onStreamRead (node:internal/stream_base_commons:216:20)","syscall":"read","timestamp":"2025-07-31 23:37:58"}
{"code":"ECONNRESET","errno":-4077,"level":"error","message":"Queue error in analysisQueue: read ECONNRESET","service":"instagram-scraper","stack":"Error: read ECONNRESET\n    at TCP.onStreamRead (node:internal/stream_base_commons:216:20)","syscall":"read","timestamp":"2025-07-31 23:37:58"}
{"code":"ECONNRESET","errno":-4077,"level":"error","message":"Queue error in depthProcessingQueue: read ECONNRESET","service":"instagram-scraper","stack":"Error: read ECONNRESET\n    at TCP.onStreamRead (node:internal/stream_base_commons:216:20)","syscall":"read","timestamp":"2025-07-31 23:37:58"}
{"code":"ECONNRESET","errno":-4077,"level":"error","message":"Redis client error: read ECONNRESET","service":"instagram-scraper","stack":"Error: read ECONNRESET\n    at TCP.onStreamRead (node:internal/stream_base_commons:216:20)","syscall":"read","timestamp":"2025-07-31 23:37:58"}
{"code":"ECONNRESET","errno":-4077,"level":"error","message":"Queue error in rootProfileQueue: read ECONNRESET","service":"instagram-scraper","stack":"Error: read ECONNRESET\n    at TCP.onStreamRead (node:internal/stream_base_commons:216:20)","syscall":"read","timestamp":"2025-07-31 23:37:58"}
{"code":"ECONNRESET","errno":-4077,"level":"error","message":"Queue error in rootProfileQueue: read ECONNRESET","service":"instagram-scraper","stack":"Error: read ECONNRESET\n    at TCP.onStreamRead (node:internal/stream_base_commons:216:20)","syscall":"read","timestamp":"2025-07-31 23:37:58"}
{"code":"ECONNRESET","errno":-4077,"level":"error","message":"Queue error in relatedProfileBatchQueue: read ECONNRESET","service":"instagram-scraper","stack":"Error: read ECONNRESET\n    at TCP.onStreamRead (node:internal/stream_base_commons:216:20)","syscall":"read","timestamp":"2025-07-31 23:37:58"}
{"code":"ECONNRESET","errno":-4077,"level":"error","message":"Queue error in relatedProfileBatchQueue: read ECONNRESET","service":"instagram-scraper","stack":"Error: read ECONNRESET\n    at TCP.onStreamRead (node:internal/stream_base_commons:216:20)","syscall":"read","timestamp":"2025-07-31 23:37:58"}
{"code":"ECONNRESET","errno":-4077,"level":"error","message":"Queue error in rootProfileQueue: read ECONNRESET","service":"instagram-scraper","stack":"Error: read ECONNRESET\n    at TCP.onStreamRead (node:internal/stream_base_commons:216:20)","syscall":"read","timestamp":"2025-07-31 23:37:58"}
{"code":"ECONNREFUSED","level":"error","message":"Redis client error:","service":"instagram-scraper","stack":"AggregateError [ECONNREFUSED]: \n    at internalConnectMultiple (node:net:1134:18)\n    at afterConnectMultiple (node:net:1715:7)","timestamp":"2025-07-31 23:37:58"}
{"code":"ECONNREFUSED","level":"error","message":"Redis client error:","service":"instagram-scraper","stack":"AggregateError [ECONNREFUSED]: \n    at internalConnectMultiple (node:net:1134:18)\n    at afterConnectMultiple (node:net:1715:7)","timestamp":"2025-07-31 23:37:58"}
{"code":"ECONNREFUSED","level":"error","message":"Redis client error:","service":"instagram-scraper","stack":"AggregateError [ECONNREFUSED]: \n    at internalConnectMultiple (node:net:1134:18)\n    at afterConnectMultiple (node:net:1715:7)","timestamp":"2025-07-31 23:37:58"}
{"code":"ECONNREFUSED","level":"error","message":"Redis client error:","service":"instagram-scraper","stack":"AggregateError [ECONNREFUSED]: \n    at internalConnectMultiple (node:net:1134:18)\n    at afterConnectMultiple (node:net:1715:7)","timestamp":"2025-07-31 23:37:58"}
{"level":"error","message":"Max Redis reconnection attempts reached","service":"instagram-scraper","timestamp":"2025-07-31 23:37:58"}
{"code":"ECONNREFUSED","level":"error","message":"Redis client error:","service":"instagram-scraper","stack":"AggregateError [ECONNREFUSED]: \n    at internalConnectMultiple (node:net:1134:18)\n    at afterConnectMultiple (node:net:1715:7)","timestamp":"2025-07-31 23:37:58"}
{"level":"info","message":"Checking 0 running sessions for completion","service":"instagram-scraper","timestamp":"2025-07-31 23:38:00"}
{"level":"info","message":"Checking 0 running sessions for completion","service":"instagram-scraper","timestamp":"2025-07-31 23:38:10"}
{"level":"info","message":"Checking 0 running sessions for completion","service":"instagram-scraper","timestamp":"2025-07-31 23:38:20"}
{"level":"info","message":"Checking 0 running sessions for completion","service":"instagram-scraper","timestamp":"2025-07-31 23:38:30"}
{"level":"info","message":"Cloudflare R2 configuration detected","service":"instagram-scraper","timestamp":"2025-07-31 23:38:42"}
{"level":"info","message":"Cloudflare R2 client initialized successfully","service":"instagram-scraper","timestamp":"2025-07-31 23:38:42"}
{"level":"info","message":"Cloudflare CDN conversion enabled","service":"instagram-scraper","timestamp":"2025-07-31 23:38:42"}
{"level":"info","message":"N8nWebhookService initialized","retryAttempts":3,"retryDelay":5000,"service":"instagram-scraper","timestamp":"2025-07-31 23:38:42","webhookUrl":"https://evoked.app.n8n.cloud/webhook/analysed-data"}
{"level":"info","message":"MongoDB connected successfully","service":"instagram-scraper","timestamp":"2025-07-31 23:38:44"}
{"code":"ECONNREFUSED","level":"error","message":"Redis client error:","service":"instagram-scraper","stack":"AggregateError [ECONNREFUSED]: \n    at internalConnectMultiple (node:net:1134:18)\n    at afterConnectMultiple (node:net:1715:7)","timestamp":"2025-07-31 23:38:44"}
{"code":"ECONNREFUSED","level":"error","message":"Redis client error:","service":"instagram-scraper","stack":"AggregateError [ECONNREFUSED]: \n    at internalConnectMultiple (node:net:1134:18)\n    at afterConnectMultiple (node:net:1715:7)","timestamp":"2025-07-31 23:38:44"}
{"code":"ECONNREFUSED","level":"error","message":"Redis client error:","service":"instagram-scraper","stack":"AggregateError [ECONNREFUSED]: \n    at internalConnectMultiple (node:net:1134:18)\n    at afterConnectMultiple (node:net:1715:7)","timestamp":"2025-07-31 23:38:44"}
{"code":"ECONNREFUSED","level":"error","message":"Redis client error:","service":"instagram-scraper","stack":"AggregateError [ECONNREFUSED]: \n    at internalConnectMultiple (node:net:1134:18)\n    at afterConnectMultiple (node:net:1715:7)","timestamp":"2025-07-31 23:38:44"}
{"level":"error","message":"Max Redis reconnection attempts reached","service":"instagram-scraper","timestamp":"2025-07-31 23:38:44"}
{"code":"ECONNREFUSED","level":"error","message":"Redis client error:","service":"instagram-scraper","stack":"AggregateError [ECONNREFUSED]: \n    at internalConnectMultiple (node:net:1134:18)\n    at afterConnectMultiple (node:net:1715:7)","timestamp":"2025-07-31 23:38:44"}
{"level":"error","message":"Failed to connect to Redis: Max retries reached","originalError":{},"service":"instagram-scraper","socketError":{"code":"ECONNREFUSED"},"stack":"Error: Max retries reached\n    at #shouldReconnect (C:\\Users\\Asraful\\Desktop\\scraper system\\backend\\node_modules\\@redis\\client\\dist\\lib\\client\\socket.js:136:20)\n    at #connect (C:\\Users\\Asraful\\Desktop\\scraper system\\backend\\node_modules\\@redis\\client\\dist\\lib\\client\\socket.js:166:54)\n    at process.processTicksAndRejections (node:internal/process/task_queues:105:5)\n    at async Class.connect (C:\\Users\\Asraful\\Desktop\\scraper system\\backend\\node_modules\\@redis\\client\\dist\\lib\\client\\index.js:477:9)\n    at async connectRedis (C:\\Users\\Asraful\\Desktop\\scraper system\\backend\\src\\config\\redis.js:61:5)\n    at async startServer (C:\\Users\\Asraful\\Desktop\\scraper system\\backend\\src\\index.js:83:7)","timestamp":"2025-07-31 23:38:44"}
{"level":"warn","message":"Server will continue without Redis/Queue functionality","service":"instagram-scraper","timestamp":"2025-07-31 23:38:44"}
{"level":"info","message":"Initializing queue processors...","service":"instagram-scraper","timestamp":"2025-07-31 23:38:44"}
{"level":"info","message":"Root profile queue processor initialized","service":"instagram-scraper","timestamp":"2025-07-31 23:38:44"}
{"level":"info","message":"Related profile queue processor initialized","service":"instagram-scraper","timestamp":"2025-07-31 23:38:44"}
{"level":"info","message":"Depth processing queue processor initialized","service":"instagram-scraper","timestamp":"2025-07-31 23:38:44"}
{"level":"info","message":"Related profile batch queue processor initialized","service":"instagram-scraper","timestamp":"2025-07-31 23:38:44"}
{"level":"info","message":"Analysis will be processed through n8n webhook","service":"instagram-scraper","timestamp":"2025-07-31 23:38:44"}
{"level":"info","message":"All queue processors initialized successfully","service":"instagram-scraper","timestamp":"2025-07-31 23:38:44"}
{"level":"info","message":"Socket.IO server initialized","service":"instagram-scraper","timestamp":"2025-07-31 23:38:44"}
{"level":"info","message":"Session completion checker started","service":"instagram-scraper","timestamp":"2025-07-31 23:38:44"}
{"level":"info","message":"Server is running on port 5000","service":"instagram-scraper","timestamp":"2025-07-31 23:38:44"}
{"level":"info","message":"Environment: development","service":"instagram-scraper","timestamp":"2025-07-31 23:38:44"}
{"level":"info","message":"Socket.IO server initialized","service":"instagram-scraper","timestamp":"2025-07-31 23:38:44"}
{"level":"info","message":"Checking 0 running sessions for completion","service":"instagram-scraper","timestamp":"2025-07-31 23:38:54"}
{"level":"info","message":"Checking 0 running sessions for completion","service":"instagram-scraper","timestamp":"2025-07-31 23:39:04"}
{"level":"info","message":"Checking 0 running sessions for completion","service":"instagram-scraper","timestamp":"2025-07-31 23:39:14"}
{"level":"info","message":"Checking 0 running sessions for completion","service":"instagram-scraper","timestamp":"2025-07-31 23:39:24"}
{"level":"info","message":"Checking 0 running sessions for completion","service":"instagram-scraper","timestamp":"2025-07-31 23:39:34"}
{"level":"info","message":"Checking 0 running sessions for completion","service":"instagram-scraper","timestamp":"2025-07-31 23:39:44"}
{"level":"info","message":"Checking 0 running sessions for completion","service":"instagram-scraper","timestamp":"2025-07-31 23:39:54"}
{"level":"info","message":"Checking 0 running sessions for completion","service":"instagram-scraper","timestamp":"2025-07-31 23:40:04"}
{"level":"info","message":"Checking 0 running sessions for completion","service":"instagram-scraper","timestamp":"2025-07-31 23:40:14"}
{"level":"info","message":"Checking 0 running sessions for completion","service":"instagram-scraper","timestamp":"2025-07-31 23:40:24"}
{"level":"info","message":"Checking 0 running sessions for completion","service":"instagram-scraper","timestamp":"2025-07-31 23:40:34"}
{"level":"info","message":"Checking 0 running sessions for completion","service":"instagram-scraper","timestamp":"2025-07-31 23:40:44"}
{"level":"info","message":"Checking 0 running sessions for completion","service":"instagram-scraper","timestamp":"2025-07-31 23:40:54"}
{"level":"info","message":"Checking 0 running sessions for completion","service":"instagram-scraper","timestamp":"2025-07-31 23:41:04"}
{"level":"info","message":"Checking 0 running sessions for completion","service":"instagram-scraper","timestamp":"2025-07-31 23:41:15"}
{"level":"info","message":"Checking 0 running sessions for completion","service":"instagram-scraper","timestamp":"2025-07-31 23:41:24"}
{"level":"info","message":"Checking 0 running sessions for completion","service":"instagram-scraper","timestamp":"2025-07-31 23:41:34"}
{"level":"info","message":"Checking 0 running sessions for completion","service":"instagram-scraper","timestamp":"2025-07-31 23:41:44"}
{"level":"info","message":"Checking 0 running sessions for completion","service":"instagram-scraper","timestamp":"2025-07-31 23:41:54"}
{"level":"info","message":"Checking 0 running sessions for completion","service":"instagram-scraper","timestamp":"2025-07-31 23:42:04"}
{"level":"info","message":"Checking 0 running sessions for completion","service":"instagram-scraper","timestamp":"2025-07-31 23:42:14"}
{"level":"info","message":"Checking 0 running sessions for completion","service":"instagram-scraper","timestamp":"2025-07-31 23:42:24"}
{"level":"info","message":"Checking 0 running sessions for completion","service":"instagram-scraper","timestamp":"2025-07-31 23:42:34"}
{"level":"info","message":"Checking 0 running sessions for completion","service":"instagram-scraper","timestamp":"2025-07-31 23:42:44"}
{"level":"info","message":"Checking 0 running sessions for completion","service":"instagram-scraper","timestamp":"2025-07-31 23:42:54"}
{"level":"info","message":"Checking 0 running sessions for completion","service":"instagram-scraper","timestamp":"2025-07-31 23:43:04"}
{"level":"info","message":"Checking 0 running sessions for completion","service":"instagram-scraper","timestamp":"2025-07-31 23:43:14"}
{"level":"info","message":"Checking 0 running sessions for completion","service":"instagram-scraper","timestamp":"2025-07-31 23:43:24"}
{"level":"info","message":"Checking 0 running sessions for completion","service":"instagram-scraper","timestamp":"2025-07-31 23:43:34"}
{"level":"info","message":"Checking 0 running sessions for completion","service":"instagram-scraper","timestamp":"2025-07-31 23:43:44"}
{"level":"info","message":"Checking 0 running sessions for completion","service":"instagram-scraper","timestamp":"2025-07-31 23:43:54"}
{"level":"info","message":"Checking 0 running sessions for completion","service":"instagram-scraper","timestamp":"2025-07-31 23:44:04"}
{"level":"info","message":"Checking 0 running sessions for completion","service":"instagram-scraper","timestamp":"2025-07-31 23:44:14"}
{"level":"info","message":"Checking 0 running sessions for completion","service":"instagram-scraper","timestamp":"2025-07-31 23:44:24"}
{"level":"info","message":"Checking 0 running sessions for completion","service":"instagram-scraper","timestamp":"2025-07-31 23:44:34"}
{"level":"info","message":"Checking 0 running sessions for completion","service":"instagram-scraper","timestamp":"2025-07-31 23:44:44"}
{"level":"info","message":"Checking 0 running sessions for completion","service":"instagram-scraper","timestamp":"2025-07-31 23:44:54"}
{"level":"info","message":"Checking 0 running sessions for completion","service":"instagram-scraper","timestamp":"2025-07-31 23:45:04"}
{"level":"info","message":"Checking 0 running sessions for completion","service":"instagram-scraper","timestamp":"2025-07-31 23:45:14"}
{"level":"info","message":"Checking 0 running sessions for completion","service":"instagram-scraper","timestamp":"2025-07-31 23:45:24"}
{"level":"info","message":"Checking 0 running sessions for completion","service":"instagram-scraper","timestamp":"2025-07-31 23:45:35"}
{"level":"info","message":"Checking 0 running sessions for completion","service":"instagram-scraper","timestamp":"2025-07-31 23:45:45"}
{"level":"info","message":"Checking 0 running sessions for completion","service":"instagram-scraper","timestamp":"2025-07-31 23:45:55"}
{"level":"info","message":"Checking 0 running sessions for completion","service":"instagram-scraper","timestamp":"2025-07-31 23:46:05"}
{"level":"info","message":"Checking 0 running sessions for completion","service":"instagram-scraper","timestamp":"2025-07-31 23:46:15"}
{"level":"info","message":"Checking 0 running sessions for completion","service":"instagram-scraper","timestamp":"2025-07-31 23:46:25"}
{"level":"info","message":"Checking 0 running sessions for completion","service":"instagram-scraper","timestamp":"2025-07-31 23:46:35"}
{"level":"info","message":"Checking 0 running sessions for completion","service":"instagram-scraper","timestamp":"2025-07-31 23:46:45"}
{"level":"info","message":"Checking 0 running sessions for completion","service":"instagram-scraper","timestamp":"2025-07-31 23:46:55"}
{"level":"info","message":"Checking 0 running sessions for completion","service":"instagram-scraper","timestamp":"2025-07-31 23:47:05"}
{"level":"info","message":"Checking 0 running sessions for completion","service":"instagram-scraper","timestamp":"2025-07-31 23:47:15"}
{"level":"info","message":"Checking 0 running sessions for completion","service":"instagram-scraper","timestamp":"2025-07-31 23:47:25"}
{"level":"info","message":"Checking 0 running sessions for completion","service":"instagram-scraper","timestamp":"2025-07-31 23:47:35"}
{"level":"info","message":"Checking 0 running sessions for completion","service":"instagram-scraper","timestamp":"2025-07-31 23:47:45"}
{"level":"info","message":"Checking 0 running sessions for completion","service":"instagram-scraper","timestamp":"2025-07-31 23:47:55"}
{"level":"info","message":"Checking 0 running sessions for completion","service":"instagram-scraper","timestamp":"2025-07-31 23:48:05"}
{"level":"info","message":"Checking 0 running sessions for completion","service":"instagram-scraper","timestamp":"2025-07-31 23:48:15"}
{"level":"info","message":"Checking 0 running sessions for completion","service":"instagram-scraper","timestamp":"2025-07-31 23:48:25"}
{"level":"info","message":"Checking 0 running sessions for completion","service":"instagram-scraper","timestamp":"2025-07-31 23:48:35"}
{"level":"info","message":"Checking 0 running sessions for completion","service":"instagram-scraper","timestamp":"2025-07-31 23:48:45"}
{"level":"info","message":"Checking 0 running sessions for completion","service":"instagram-scraper","timestamp":"2025-07-31 23:48:55"}
{"level":"info","message":"Checking 0 running sessions for completion","service":"instagram-scraper","timestamp":"2025-07-31 23:49:05"}
{"level":"info","message":"Checking 0 running sessions for completion","service":"instagram-scraper","timestamp":"2025-07-31 23:49:15"}
{"level":"info","message":"Checking 0 running sessions for completion","service":"instagram-scraper","timestamp":"2025-07-31 23:49:25"}
{"level":"info","message":"Checking 0 running sessions for completion","service":"instagram-scraper","timestamp":"2025-07-31 23:49:35"}
{"level":"info","message":"Using Redis URL configuration for redis-14711.c16.us-east-1-2.ec2.redns.redis-cloud.com:14711","service":"instagram-scraper","timestamp":"2025-07-31 23:49:48"}
{"level":"info","message":"Cloudflare R2 configuration detected","service":"instagram-scraper","timestamp":"2025-07-31 23:49:48"}
{"level":"info","message":"Cloudflare R2 client initialized successfully","service":"instagram-scraper","timestamp":"2025-07-31 23:49:48"}
{"level":"info","message":"Cloudflare CDN conversion enabled","service":"instagram-scraper","timestamp":"2025-07-31 23:49:48"}
{"level":"info","message":"N8nWebhookService initialized","retryAttempts":3,"retryDelay":5000,"service":"instagram-scraper","timestamp":"2025-07-31 23:49:49","webhookUrl":"https://evoked.app.n8n.cloud/webhook/analysed-data"}
{"level":"info","message":"MongoDB connected successfully","service":"instagram-scraper","timestamp":"2025-07-31 23:49:50"}
{"level":"info","message":"Redis client connected","service":"instagram-scraper","timestamp":"2025-07-31 23:49:51"}
{"level":"info","message":"Redis client ready","service":"instagram-scraper","timestamp":"2025-07-31 23:49:51"}
{"level":"info","message":"Connected to Redis at redis-14711.c16.us-east-1-2.ec2.redns.redis-cloud.com:14711","service":"instagram-scraper","timestamp":"2025-07-31 23:49:51"}
{"level":"info","message":"Redis connection verified with PING","service":"instagram-scraper","timestamp":"2025-07-31 23:49:52"}
{"level":"info","message":"Initializing queue processors...","service":"instagram-scraper","timestamp":"2025-07-31 23:49:52"}
{"level":"info","message":"Root profile queue processor initialized","service":"instagram-scraper","timestamp":"2025-07-31 23:49:52"}
{"level":"info","message":"Related profile queue processor initialized","service":"instagram-scraper","timestamp":"2025-07-31 23:49:52"}
{"level":"info","message":"Depth processing queue processor initialized","service":"instagram-scraper","timestamp":"2025-07-31 23:49:52"}
{"level":"info","message":"Related profile batch queue processor initialized","service":"instagram-scraper","timestamp":"2025-07-31 23:49:52"}
{"level":"info","message":"Analysis will be processed through n8n webhook","service":"instagram-scraper","timestamp":"2025-07-31 23:49:52"}
{"level":"info","message":"All queue processors initialized successfully","service":"instagram-scraper","timestamp":"2025-07-31 23:49:52"}
{"level":"info","message":"Socket.IO server initialized","service":"instagram-scraper","timestamp":"2025-07-31 23:49:52"}
{"level":"info","message":"Session completion checker started","service":"instagram-scraper","timestamp":"2025-07-31 23:49:52"}
{"level":"info","message":"Server is running on port 5000","service":"instagram-scraper","timestamp":"2025-07-31 23:49:52"}
{"level":"info","message":"Environment: development","service":"instagram-scraper","timestamp":"2025-07-31 23:49:52"}
{"level":"info","message":"Socket.IO server initialized","service":"instagram-scraper","timestamp":"2025-07-31 23:49:52"}
{"level":"info","message":"Checking 0 running sessions for completion","service":"instagram-scraper","timestamp":"2025-07-31 23:50:02"}
{"level":"info","message":"Checking 0 running sessions for completion","service":"instagram-scraper","timestamp":"2025-07-31 23:50:12"}
{"level":"info","message":"Checking 0 running sessions for completion","service":"instagram-scraper","timestamp":"2025-07-31 23:50:22"}
{"level":"info","message":"Checking 0 running sessions for completion","service":"instagram-scraper","timestamp":"2025-07-31 23:50:32"}
{"level":"info","message":"Checking 0 running sessions for completion","service":"instagram-scraper","timestamp":"2025-07-31 23:50:42"}
{"level":"info","message":"Checking 0 running sessions for completion","service":"instagram-scraper","timestamp":"2025-07-31 23:50:52"}
{"level":"info","message":"Checking 0 running sessions for completion","service":"instagram-scraper","timestamp":"2025-07-31 23:51:02"}
{"level":"info","message":"Checking 0 running sessions for completion","service":"instagram-scraper","timestamp":"2025-07-31 23:51:12"}
{"level":"info","message":"Checking 0 running sessions for completion","service":"instagram-scraper","timestamp":"2025-07-31 23:51:22"}
{"level":"info","message":"Checking 0 running sessions for completion","service":"instagram-scraper","timestamp":"2025-07-31 23:51:32"}
{"level":"info","message":"Checking 0 running sessions for completion","service":"instagram-scraper","timestamp":"2025-07-31 23:51:42"}
{"level":"info","message":"Checking 0 running sessions for completion","service":"instagram-scraper","timestamp":"2025-07-31 23:51:52"}
{"level":"info","message":"Checking 0 running sessions for completion","service":"instagram-scraper","timestamp":"2025-07-31 23:52:02"}
{"level":"info","message":"Checking 0 running sessions for completion","service":"instagram-scraper","timestamp":"2025-07-31 23:52:12"}
{"level":"info","message":"Checking 0 running sessions for completion","service":"instagram-scraper","timestamp":"2025-07-31 23:52:22"}
{"level":"info","message":"Checking 0 running sessions for completion","service":"instagram-scraper","timestamp":"2025-07-31 23:52:32"}
{"level":"info","message":"Checking 0 running sessions for completion","service":"instagram-scraper","timestamp":"2025-07-31 23:52:42"}
{"level":"info","message":"Checking 0 running sessions for completion","service":"instagram-scraper","timestamp":"2025-07-31 23:52:52"}
{"level":"info","message":"Checking 0 running sessions for completion","service":"instagram-scraper","timestamp":"2025-07-31 23:53:02"}
{"level":"info","message":"Checking 0 running sessions for completion","service":"instagram-scraper","timestamp":"2025-07-31 23:53:12"}
{"level":"info","message":"Checking 0 running sessions for completion","service":"instagram-scraper","timestamp":"2025-07-31 23:53:22"}
{"level":"info","message":"Checking 0 running sessions for completion","service":"instagram-scraper","timestamp":"2025-07-31 23:53:32"}
{"level":"info","message":"Checking 0 running sessions for completion","service":"instagram-scraper","timestamp":"2025-07-31 23:53:42"}
{"level":"info","message":"Checking 0 running sessions for completion","service":"instagram-scraper","timestamp":"2025-07-31 23:53:52"}
{"level":"info","message":"Checking 0 running sessions for completion","service":"instagram-scraper","timestamp":"2025-07-31 23:54:02"}
{"level":"info","message":"Checking 0 running sessions for completion","service":"instagram-scraper","timestamp":"2025-07-31 23:54:12"}
{"level":"info","message":"Checking 0 running sessions for completion","service":"instagram-scraper","timestamp":"2025-07-31 23:54:22"}
{"level":"info","message":"Checking 0 running sessions for completion","service":"instagram-scraper","timestamp":"2025-07-31 23:54:32"}
{"level":"info","message":"Checking 0 running sessions for completion","service":"instagram-scraper","timestamp":"2025-07-31 23:54:42"}
{"level":"info","message":"Checking 0 running sessions for completion","service":"instagram-scraper","timestamp":"2025-07-31 23:54:52"}
{"level":"info","message":"Checking 0 running sessions for completion","service":"instagram-scraper","timestamp":"2025-07-31 23:55:02"}
{"level":"info","message":"Checking 0 running sessions for completion","service":"instagram-scraper","timestamp":"2025-07-31 23:55:12"}
{"level":"info","message":"Checking 0 running sessions for completion","service":"instagram-scraper","timestamp":"2025-07-31 23:55:22"}
{"level":"info","message":"Checking 0 running sessions for completion","service":"instagram-scraper","timestamp":"2025-07-31 23:55:32"}
{"level":"info","message":"Checking 0 running sessions for completion","service":"instagram-scraper","timestamp":"2025-07-31 23:55:42"}
{"level":"info","message":"Checking 0 running sessions for completion","service":"instagram-scraper","timestamp":"2025-07-31 23:55:52"}
{"level":"info","message":"Checking 0 running sessions for completion","service":"instagram-scraper","timestamp":"2025-07-31 23:56:02"}
{"level":"info","message":"Checking 0 running sessions for completion","service":"instagram-scraper","timestamp":"2025-07-31 23:56:12"}
{"level":"info","message":"New socket connection: AjhlyTCixuCbQS9WAAAB","service":"instagram-scraper","timestamp":"2025-07-31 23:56:17"}
{"level":"info","message":"New socket connection: 6qsAp2ww3iBq0w_uAAAD","service":"instagram-scraper","timestamp":"2025-07-31 23:56:18"}
{"level":"info","message":"Checking 0 running sessions for completion","service":"instagram-scraper","timestamp":"2025-07-31 23:56:22"}
{"level":"info","message":"Checking 0 running sessions for completion","service":"instagram-scraper","timestamp":"2025-07-31 23:56:32"}
{"level":"info","message":"Checking 0 running sessions for completion","service":"instagram-scraper","timestamp":"2025-07-31 23:56:42"}
{"level":"info","message":"Socket disconnected: AjhlyTCixuCbQS9WAAAB","service":"instagram-scraper","timestamp":"2025-07-31 23:56:51"}
{"level":"info","message":"New socket connection: ft4g1naw_CqauFnjAAAF","service":"instagram-scraper","timestamp":"2025-07-31 23:56:51"}
{"level":"info","message":"Checking 0 running sessions for completion","service":"instagram-scraper","timestamp":"2025-07-31 23:56:52"}
{"level":"info","message":"Socket disconnected: ft4g1naw_CqauFnjAAAF","service":"instagram-scraper","timestamp":"2025-07-31 23:56:52"}
{"level":"info","message":"New socket connection: N3Ripkp8X4wz8k4QAAAH","service":"instagram-scraper","timestamp":"2025-07-31 23:56:53"}
{"level":"info","message":"Checking 0 running sessions for completion","service":"instagram-scraper","timestamp":"2025-07-31 23:57:02"}
{"level":"info","message":"Checking 0 running sessions for completion","service":"instagram-scraper","timestamp":"2025-07-31 23:57:12"}
{"level":"info","message":"Checking 0 running sessions for completion","service":"instagram-scraper","timestamp":"2025-07-31 23:57:22"}
{"level":"info","message":"Checking 0 running sessions for completion","service":"instagram-scraper","timestamp":"2025-07-31 23:57:32"}
{"level":"info","message":"Checking 0 running sessions for completion","service":"instagram-scraper","timestamp":"2025-07-31 23:57:42"}
{"level":"info","message":"Checking 0 running sessions for completion","service":"instagram-scraper","timestamp":"2025-07-31 23:57:52"}
{"level":"info","message":"Checking 0 running sessions for completion","service":"instagram-scraper","timestamp":"2025-07-31 23:58:02"}
{"level":"info","message":"Checking 0 running sessions for completion","service":"instagram-scraper","timestamp":"2025-07-31 23:58:12"}
{"level":"info","message":"Socket disconnected: 6qsAp2ww3iBq0w_uAAAD","service":"instagram-scraper","timestamp":"2025-07-31 23:58:18"}
{"level":"info","message":"Checking 0 running sessions for completion","service":"instagram-scraper","timestamp":"2025-07-31 23:58:22"}
{"level":"info","message":"Checking 0 running sessions for completion","service":"instagram-scraper","timestamp":"2025-07-31 23:58:32"}
{"level":"info","message":"Checking 0 running sessions for completion","service":"instagram-scraper","timestamp":"2025-07-31 23:58:42"}
{"level":"info","message":"Checking 0 running sessions for completion","service":"instagram-scraper","timestamp":"2025-07-31 23:58:52"}
{"level":"info","message":"Checking 0 running sessions for completion","service":"instagram-scraper","timestamp":"2025-07-31 23:59:02"}
{"level":"info","message":"Checking 0 running sessions for completion","service":"instagram-scraper","timestamp":"2025-07-31 23:59:12"}
{"level":"info","message":"Checking 0 running sessions for completion","service":"instagram-scraper","timestamp":"2025-07-31 23:59:22"}
{"level":"info","message":"Checking 0 running sessions for completion","service":"instagram-scraper","timestamp":"2025-07-31 23:59:32"}
{"level":"info","message":"Checking 0 running sessions for completion","service":"instagram-scraper","timestamp":"2025-07-31 23:59:42"}
{"level":"info","message":"Checking 0 running sessions for completion","service":"instagram-scraper","timestamp":"2025-07-31 23:59:52"}
{"level":"info","message":"Checking 0 running sessions for completion","service":"instagram-scraper","timestamp":"2025-08-01 00:00:02"}
{"level":"info","message":"Checking 0 running sessions for completion","service":"instagram-scraper","timestamp":"2025-08-01 00:00:12"}
{"level":"info","message":"Checking 0 running sessions for completion","service":"instagram-scraper","timestamp":"2025-08-01 00:00:22"}
{"level":"info","message":"Checking 0 running sessions for completion","service":"instagram-scraper","timestamp":"2025-08-01 00:00:32"}
{"level":"info","message":"Checking 0 running sessions for completion","service":"instagram-scraper","timestamp":"2025-08-01 00:00:42"}
{"level":"info","message":"Checking 0 running sessions for completion","service":"instagram-scraper","timestamp":"2025-08-01 00:00:52"}
{"level":"info","message":"Checking 0 running sessions for completion","service":"instagram-scraper","timestamp":"2025-08-01 00:01:02"}
{"level":"info","message":"Checking 0 running sessions for completion","service":"instagram-scraper","timestamp":"2025-08-01 00:01:12"}
{"level":"info","message":"Checking 0 running sessions for completion","service":"instagram-scraper","timestamp":"2025-08-01 00:01:22"}
{"level":"info","message":"Checking 0 running sessions for completion","service":"instagram-scraper","timestamp":"2025-08-01 00:01:32"}
{"level":"info","message":"Checking 0 running sessions for completion","service":"instagram-scraper","timestamp":"2025-08-01 00:01:42"}
{"level":"info","message":"Checking 0 running sessions for completion","service":"instagram-scraper","timestamp":"2025-08-01 00:01:52"}
{"level":"info","message":"Checking 0 running sessions for completion","service":"instagram-scraper","timestamp":"2025-08-01 00:02:02"}
{"level":"info","message":"Checking 0 running sessions for completion","service":"instagram-scraper","timestamp":"2025-08-01 00:02:12"}
{"level":"info","message":"Checking 0 running sessions for completion","service":"instagram-scraper","timestamp":"2025-08-01 00:02:22"}
{"level":"info","message":"Checking 0 running sessions for completion","service":"instagram-scraper","timestamp":"2025-08-01 00:02:32"}
{"level":"info","message":"Checking 0 running sessions for completion","service":"instagram-scraper","timestamp":"2025-08-01 00:02:42"}
{"level":"info","message":"Checking 0 running sessions for completion","service":"instagram-scraper","timestamp":"2025-08-01 00:02:52"}
{"level":"info","message":"Checking 0 running sessions for completion","service":"instagram-scraper","timestamp":"2025-08-01 00:03:02"}
{"level":"info","message":"Checking 0 running sessions for completion","service":"instagram-scraper","timestamp":"2025-08-01 00:03:12"}
{"level":"info","message":"Checking 0 running sessions for completion","service":"instagram-scraper","timestamp":"2025-08-01 00:03:22"}
{"level":"info","message":"Checking 0 running sessions for completion","service":"instagram-scraper","timestamp":"2025-08-01 00:03:32"}
{"level":"info","message":"Checking 0 running sessions for completion","service":"instagram-scraper","timestamp":"2025-08-01 00:03:42"}
{"level":"info","message":"Checking 0 running sessions for completion","service":"instagram-scraper","timestamp":"2025-08-01 00:03:53"}
{"level":"info","message":"Checking 0 running sessions for completion","service":"instagram-scraper","timestamp":"2025-08-01 00:04:02"}
{"level":"info","message":"Checking 0 running sessions for completion","service":"instagram-scraper","timestamp":"2025-08-01 00:04:12"}
{"level":"info","message":"Checking 0 running sessions for completion","service":"instagram-scraper","timestamp":"2025-08-01 00:04:22"}
{"level":"info","message":"Checking 0 running sessions for completion","service":"instagram-scraper","timestamp":"2025-08-01 00:04:32"}
{"level":"info","message":"Checking 0 running sessions for completion","service":"instagram-scraper","timestamp":"2025-08-01 00:04:42"}
{"level":"info","message":"Checking 0 running sessions for completion","service":"instagram-scraper","timestamp":"2025-08-01 00:04:52"}
{"level":"info","message":"Checking 0 running sessions for completion","service":"instagram-scraper","timestamp":"2025-08-01 00:05:02"}
{"level":"info","message":"Checking 0 running sessions for completion","service":"instagram-scraper","timestamp":"2025-08-01 00:05:12"}
{"level":"info","message":"Checking 0 running sessions for completion","service":"instagram-scraper","timestamp":"2025-08-01 00:05:22"}
{"level":"info","message":"Checking 0 running sessions for completion","service":"instagram-scraper","timestamp":"2025-08-01 00:05:32"}
{"level":"info","message":"Checking 0 running sessions for completion","service":"instagram-scraper","timestamp":"2025-08-01 00:05:42"}
{"level":"info","message":"Checking 0 running sessions for completion","service":"instagram-scraper","timestamp":"2025-08-01 00:05:52"}
{"level":"info","message":"Checking 0 running sessions for completion","service":"instagram-scraper","timestamp":"2025-08-01 00:06:02"}
{"level":"info","message":"Checking 0 running sessions for completion","service":"instagram-scraper","timestamp":"2025-08-01 00:06:12"}
{"level":"info","message":"Checking 1 running sessions for completion","service":"instagram-scraper","timestamp":"2025-08-01 00:06:22"}
{"attempt":1,"level":"info","message":"Processing root profile job 1","profileUrl":"https://www.instagram.com/lowbri22","service":"instagram-scraper","sessionId":"688bb09dcb3fc366e3af7bed","timestamp":"2025-08-01 00:06:23","username":"lowbri22"}
{"level":"info","message":"Scraping profile: https://www.instagram.com/lowbri22 (Attempt 1/3)","service":"instagram-scraper","timestamp":"2025-08-01 00:06:24"}
{"level":"info","message":"Checking 1 running sessions for completion","service":"instagram-scraper","timestamp":"2025-08-01 00:06:32"}
{"level":"info","message":"Starting CDN processing for lowbri22","service":"instagram-scraper","timestamp":"2025-08-01 00:06:37"}
{"level":"info","message":"Processing 2 images for lowbri22","service":"instagram-scraper","timestamp":"2025-08-01 00:06:37"}
{"level":"info","message":"Processing image for lowbri22 (attempt 1/3)","service":"instagram-scraper","timestamp":"2025-08-01 00:06:37"}
{"level":"info","message":"Processing image for lowbri22 (attempt 1/3)","service":"instagram-scraper","timestamp":"2025-08-01 00:06:37"}
{"level":"info","message":"Successfully uploaded image to R2: https://pub-20acc51a480e4a9691ed5b1c6b8891a6.r2.dev/instagram-profiles/lowbri22/b12511c784356682c5a3a570f4605861_1753985197246.jpg","service":"instagram-scraper","timestamp":"2025-08-01 00:06:39"}
{"level":"info","message":"Successfully uploaded image to R2: https://pub-20acc51a480e4a9691ed5b1c6b8891a6.r2.dev/instagram-profiles/lowbri22/676f21c6eb91545e3d7d78d52983ae2d_1753985197249.jpg","service":"instagram-scraper","timestamp":"2025-08-01 00:06:40"}
{"level":"info","message":"Successfully converted profilePicUrl to CDN for lowbri22","service":"instagram-scraper","timestamp":"2025-08-01 00:06:40"}
{"level":"info","message":"Successfully converted profilePicUrlHD to CDN for lowbri22","service":"instagram-scraper","timestamp":"2025-08-01 00:06:40"}
{"level":"info","message":"CDN processing completed for lowbri22 in 3378ms","service":"instagram-scraper","timestamp":"2025-08-01 00:06:40"}
{"level":"info","message":"Successfully scraped and saved profile: https://www.instagram.com/lowbri22","service":"instagram-scraper","timestamp":"2025-08-01 00:06:42"}
{"level":"info","message":"Checking 1 running sessions for completion","service":"instagram-scraper","timestamp":"2025-08-01 00:06:42"}
{"existingAtDepth1":0,"level":"info","maxProfilesPerDepth":5,"message":"Root profile lowbri22 depth limit check:","remainingSlots":5,"service":"instagram-scraper","timestamp":"2025-08-01 00:06:43","willProcess":5}
{"existing":0,"level":"info","message":"Profile duplicate check completed","new":5,"service":"instagram-scraper","sessionId":"688bb09dcb3fc366e3af7bed","timestamp":"2025-08-01 00:06:43","total":5}
{"existing":0,"level":"info","message":"Root profile lowbri22 duplicate check:","new":5,"service":"instagram-scraper","timestamp":"2025-08-01 00:06:43","totalRelated":5}
{"jobId":"1","level":"info","message":"Job 1 added to relatedProfileBatchQueue","priority":5,"queue":"relatedProfileBatchQueue","service":"instagram-scraper","timestamp":"2025-08-01 00:06:44"}
{"level":"info","message":"Queued 5 new related profiles in 1 batches from lowbri22 (skipped 0 existing)","service":"instagram-scraper","timestamp":"2025-08-01 00:06:44"}
{"level":"info","message":"Successfully processed root profile lowbri22","processingTime":21204,"profileId":"688bb09dcb3fc366e3af7bf0","relatedProfilesCount":80,"relatedProfilesQueued":5,"service":"instagram-scraper","timestamp":"2025-08-01 00:06:44"}
{"jobId":"1","level":"info","message":"Job 1 completed in rootProfileQueue","processingTime":20911,"queue":"rootProfileQueue","service":"instagram-scraper","timestamp":"2025-08-01 00:06:44"}
{"level":"info","message":"Checking 1 running sessions for completion","service":"instagram-scraper","timestamp":"2025-08-01 00:06:52"}
{"level":"info","message":"Checking 1 running sessions for completion","service":"instagram-scraper","timestamp":"2025-08-01 00:07:02"}
{"level":"info","message":"New socket connection: pb5Ot6T4JJOBZPVxAAAJ","service":"instagram-scraper","timestamp":"2025-08-01 00:07:03"}
{"level":"info","message":"Socket pb5Ot6T4JJOBZPVxAAAJ subscribed to session 688bb09dcb3fc366e3af7bed","service":"instagram-scraper","timestamp":"2025-08-01 00:07:08"}
{"level":"info","message":"Socket pb5Ot6T4JJOBZPVxAAAJ unsubscribed from session 688bb09dcb3fc366e3af7bed","service":"instagram-scraper","timestamp":"2025-08-01 00:07:08"}
{"level":"info","message":"Socket pb5Ot6T4JJOBZPVxAAAJ subscribed to session 688bb09dcb3fc366e3af7bed","service":"instagram-scraper","timestamp":"2025-08-01 00:07:08"}
{"level":"info","message":"Sample root profile metadata:","metadata":{"apifyRunId":"54504497642","dataVersion":"1.0","error":{},"igtvCount":0,"postsCount":12,"processingTime":0.12,"relatedProfilesCount":80,"scrapingSource":"apify"},"service":"instagram-scraper","timestamp":"2025-08-01 00:07:08","username":"lowbri22"}
{"level":"info","message":"Root profile aggregation result:","result":"[\n  {\n    \"_id\": \"scraped\",\n    \"count\": 1,\n    \"profiles\": [\n      {\n        \"username\": \"lowbri22\",\n        \"profileUrl\": \"https://www.instagram.com/lowbri22\"\n      }\n    ],\n    \"totalRelatedProfilesFound\": 80\n  }\n]","service":"instagram-scraper","sessionId":"688bb09dcb3fc366e3af7bed","timestamp":"2025-08-01 00:07:08"}
{"level":"info","message":"Checking 1 running sessions for completion","service":"instagram-scraper","timestamp":"2025-08-01 00:07:12"}
{"level":"info","message":"Checking 1 running sessions for completion","service":"instagram-scraper","timestamp":"2025-08-01 00:07:22"}
{"level":"info","message":"Sample root profile metadata:","metadata":{"apifyRunId":"54504497642","dataVersion":"1.0","error":{},"igtvCount":0,"postsCount":12,"processingTime":0.12,"relatedProfilesCount":80,"scrapingSource":"apify"},"service":"instagram-scraper","timestamp":"2025-08-01 00:07:28","username":"lowbri22"}
{"level":"info","message":"Root profile aggregation result:","result":"[\n  {\n    \"_id\": \"scraped\",\n    \"count\": 1,\n    \"profiles\": [\n      {\n        \"username\": \"lowbri22\",\n        \"profileUrl\": \"https://www.instagram.com/lowbri22\"\n      }\n    ],\n    \"totalRelatedProfilesFound\": 80\n  }\n]","service":"instagram-scraper","sessionId":"688bb09dcb3fc366e3af7bed","timestamp":"2025-08-01 00:07:28"}
{"level":"info","message":"Checking 1 running sessions for completion","service":"instagram-scraper","timestamp":"2025-08-01 00:07:32"}
{"level":"error","message":"Failed to get queue stats: Reached the max retries per request limit (which is 20). Refer to \"maxRetriesPerRequest\" option for details.","previousErrors":[{"previousErrors":"[Circular]"},{"previousErrors":"[Circular]"}],"service":"instagram-scraper","stack":"MaxRetriesPerRequestError: Reached the max retries per request limit (which is 20). Refer to \"maxRetriesPerRequest\" option for details.\n    at Socket.<anonymous> (C:\\Users\\Asraful\\Desktop\\scraper system\\backend\\node_modules\\ioredis\\built\\redis\\event_handler.js:182:37)\n    at Object.onceWrapper (node:events:622:26)\n    at Socket.emit (node:events:507:28)\n    at TCP.<anonymous> (node:net:346:12)","timestamp":"2025-08-01 00:07:42"}
{"level":"error","message":"Failed to get queue stats: Reached the max retries per request limit (which is 20). Refer to \"maxRetriesPerRequest\" option for details.","previousErrors":[{"previousErrors":"[Circular]"},{"previousErrors":"[Circular]"}],"service":"instagram-scraper","stack":"MaxRetriesPerRequestError: Reached the max retries per request limit (which is 20). Refer to \"maxRetriesPerRequest\" option for details.\n    at Socket.<anonymous> (C:\\Users\\Asraful\\Desktop\\scraper system\\backend\\node_modules\\ioredis\\built\\redis\\event_handler.js:182:37)\n    at Object.onceWrapper (node:events:622:26)\n    at Socket.emit (node:events:507:28)\n    at TCP.<anonymous> (node:net:346:12)","timestamp":"2025-08-01 00:07:42"}
{"level":"error","message":"Failed to get queue stats: Reached the max retries per request limit (which is 20). Refer to \"maxRetriesPerRequest\" option for details.","previousErrors":[{"previousErrors":"[Circular]"},{"previousErrors":"[Circular]"}],"service":"instagram-scraper","stack":"MaxRetriesPerRequestError: Reached the max retries per request limit (which is 20). Refer to \"maxRetriesPerRequest\" option for details.\n    at Socket.<anonymous> (C:\\Users\\Asraful\\Desktop\\scraper system\\backend\\node_modules\\ioredis\\built\\redis\\event_handler.js:182:37)\n    at Object.onceWrapper (node:events:622:26)\n    at Socket.emit (node:events:507:28)\n    at TCP.<anonymous> (node:net:346:12)","timestamp":"2025-08-01 00:07:42"}
{"level":"error","message":"Failed to get queue stats: Reached the max retries per request limit (which is 20). Refer to \"maxRetriesPerRequest\" option for details.","previousErrors":[{"previousErrors":"[Circular]"},{"previousErrors":"[Circular]"}],"service":"instagram-scraper","stack":"MaxRetriesPerRequestError: Reached the max retries per request limit (which is 20). Refer to \"maxRetriesPerRequest\" option for details.\n    at Socket.<anonymous> (C:\\Users\\Asraful\\Desktop\\scraper system\\backend\\node_modules\\ioredis\\built\\redis\\event_handler.js:182:37)\n    at Object.onceWrapper (node:events:622:26)\n    at Socket.emit (node:events:507:28)\n    at TCP.<anonymous> (node:net:346:12)","timestamp":"2025-08-01 00:07:42"}
{"level":"error","message":"Failed to get queue stats: Reached the max retries per request limit (which is 20). Refer to \"maxRetriesPerRequest\" option for details.","previousErrors":[{"previousErrors":"[Circular]"},{"previousErrors":"[Circular]"}],"service":"instagram-scraper","stack":"MaxRetriesPerRequestError: Reached the max retries per request limit (which is 20). Refer to \"maxRetriesPerRequest\" option for details.\n    at Socket.<anonymous> (C:\\Users\\Asraful\\Desktop\\scraper system\\backend\\node_modules\\ioredis\\built\\redis\\event_handler.js:182:37)\n    at Object.onceWrapper (node:events:622:26)\n    at Socket.emit (node:events:507:28)\n    at TCP.<anonymous> (node:net:346:12)","timestamp":"2025-08-01 00:07:42"}
{"level":"info","message":"Checking 1 running sessions for completion","service":"instagram-scraper","timestamp":"2025-08-01 00:07:42"}
{"level":"info","message":"Checking 1 running sessions for completion","service":"instagram-scraper","timestamp":"2025-08-01 00:07:52"}
{"level":"info","message":"Checking 1 running sessions for completion","service":"instagram-scraper","timestamp":"2025-08-01 00:08:03"}
{"level":"info","message":"Checking 1 running sessions for completion","service":"instagram-scraper","timestamp":"2025-08-01 00:08:12"}
{"level":"info","message":"Checking 1 running sessions for completion","service":"instagram-scraper","timestamp":"2025-08-01 00:08:23"}
{"level":"info","message":"New socket connection: 8zmuzDUiXEHJtpa5AAAL","service":"instagram-scraper","timestamp":"2025-08-01 00:08:32"}
{"level":"info","message":"Socket 8zmuzDUiXEHJtpa5AAAL subscribed to session 688bb09dcb3fc366e3af7bed","service":"instagram-scraper","timestamp":"2025-08-01 00:08:32"}
{"level":"info","message":"Checking 1 running sessions for completion","service":"instagram-scraper","timestamp":"2025-08-01 00:08:33"}
{"level":"info","message":"Sample root profile metadata:","metadata":{"apifyRunId":"54504497642","dataVersion":"1.0","error":{},"igtvCount":0,"postsCount":12,"processingTime":0.12,"relatedProfilesCount":80,"scrapingSource":"apify"},"service":"instagram-scraper","timestamp":"2025-08-01 00:08:33","username":"lowbri22"}
{"level":"info","message":"Root profile aggregation result:","result":"[\n  {\n    \"_id\": \"scraped\",\n    \"count\": 1,\n    \"profiles\": [\n      {\n        \"username\": \"lowbri22\",\n        \"profileUrl\": \"https://www.instagram.com/lowbri22\"\n      }\n    ],\n    \"totalRelatedProfilesFound\": 80\n  }\n]","service":"instagram-scraper","sessionId":"688bb09dcb3fc366e3af7bed","timestamp":"2025-08-01 00:08:33"}
{"level":"info","message":"Socket disconnected: pb5Ot6T4JJOBZPVxAAAJ","service":"instagram-scraper","timestamp":"2025-08-01 00:08:38"}
{"level":"info","message":"Checking 1 running sessions for completion","service":"instagram-scraper","timestamp":"2025-08-01 00:08:48"}
{"level":"info","message":"Checking 1 running sessions for completion","service":"instagram-scraper","timestamp":"2025-08-01 00:08:53"}
{"level":"info","message":"Checking 1 running sessions for completion","service":"instagram-scraper","timestamp":"2025-08-01 00:09:03"}
{"level":"info","message":"Checking 1 running sessions for completion","service":"instagram-scraper","timestamp":"2025-08-01 00:09:13"}
{"level":"info","message":"Checking 1 running sessions for completion","service":"instagram-scraper","timestamp":"2025-08-01 00:09:23"}
{"level":"info","message":"Checking 1 running sessions for completion","service":"instagram-scraper","timestamp":"2025-08-01 00:09:33"}
{"level":"info","message":"Checking 1 running sessions for completion","service":"instagram-scraper","timestamp":"2025-08-01 00:09:43"}
{"level":"info","message":"Checking 1 running sessions for completion","service":"instagram-scraper","timestamp":"2025-08-01 00:09:53"}
{"level":"info","message":"Checking 1 running sessions for completion","service":"instagram-scraper","timestamp":"2025-08-01 00:10:03"}
{"level":"info","message":"Checking 1 running sessions for completion","service":"instagram-scraper","timestamp":"2025-08-01 00:10:13"}
{"level":"info","message":"Socket N3Ripkp8X4wz8k4QAAAH subscribed to session 688bb09dcb3fc366e3af7bed","service":"instagram-scraper","timestamp":"2025-08-01 00:10:16"}
{"level":"info","message":"Socket N3Ripkp8X4wz8k4QAAAH unsubscribed from session 688bb09dcb3fc366e3af7bed","service":"instagram-scraper","timestamp":"2025-08-01 00:10:16"}
{"level":"info","message":"Socket N3Ripkp8X4wz8k4QAAAH subscribed to session 688bb09dcb3fc366e3af7bed","service":"instagram-scraper","timestamp":"2025-08-01 00:10:16"}
{"level":"info","message":"Sample root profile metadata:","metadata":{"apifyRunId":"54504497642","dataVersion":"1.0","error":{},"igtvCount":0,"postsCount":12,"processingTime":0.12,"relatedProfilesCount":80,"scrapingSource":"apify"},"service":"instagram-scraper","timestamp":"2025-08-01 00:10:16","username":"lowbri22"}
{"level":"info","message":"Root profile aggregation result:","result":"[\n  {\n    \"_id\": \"scraped\",\n    \"count\": 1,\n    \"profiles\": [\n      {\n        \"username\": \"lowbri22\",\n        \"profileUrl\": \"https://www.instagram.com/lowbri22\"\n      }\n    ],\n    \"totalRelatedProfilesFound\": 80\n  }\n]","service":"instagram-scraper","sessionId":"688bb09dcb3fc366e3af7bed","timestamp":"2025-08-01 00:10:17"}
{"level":"info","message":"Checking 1 running sessions for completion","service":"instagram-scraper","timestamp":"2025-08-01 00:10:23"}
{"level":"info","message":"Checking 1 running sessions for completion","service":"instagram-scraper","timestamp":"2025-08-01 00:10:33"}
{"level":"info","message":"Sample root profile metadata:","metadata":{"apifyRunId":"54504497642","dataVersion":"1.0","error":{},"igtvCount":0,"postsCount":12,"processingTime":0.12,"relatedProfilesCount":80,"scrapingSource":"apify"},"service":"instagram-scraper","timestamp":"2025-08-01 00:10:36","username":"lowbri22"}
{"level":"info","message":"Root profile aggregation result:","result":"[\n  {\n    \"_id\": \"scraped\",\n    \"count\": 1,\n    \"profiles\": [\n      {\n        \"username\": \"lowbri22\",\n        \"profileUrl\": \"https://www.instagram.com/lowbri22\"\n      }\n    ],\n    \"totalRelatedProfilesFound\": 80\n  }\n]","service":"instagram-scraper","sessionId":"688bb09dcb3fc366e3af7bed","timestamp":"2025-08-01 00:10:37"}
{"level":"info","message":"Checking 1 running sessions for completion","service":"instagram-scraper","timestamp":"2025-08-01 00:10:43"}
{"level":"info","message":"Checking 1 running sessions for completion","service":"instagram-scraper","timestamp":"2025-08-01 00:10:53"}
{"level":"info","message":"Checking 1 running sessions for completion","service":"instagram-scraper","timestamp":"2025-08-01 00:11:03"}
{"level":"info","message":"Checking 1 running sessions for completion","service":"instagram-scraper","timestamp":"2025-08-01 00:11:13"}
{"level":"info","message":"Checking 1 running sessions for completion","service":"instagram-scraper","timestamp":"2025-08-01 00:11:23"}
{"level":"info","message":"Checking 1 running sessions for completion","service":"instagram-scraper","timestamp":"2025-08-01 00:11:33"}
{"level":"info","message":"Checking 1 running sessions for completion","service":"instagram-scraper","timestamp":"2025-08-01 00:11:43"}
{"level":"info","message":"Checking 1 running sessions for completion","service":"instagram-scraper","timestamp":"2025-08-01 00:11:53"}
{"level":"info","message":"Checking 1 running sessions for completion","service":"instagram-scraper","timestamp":"2025-08-01 00:12:03"}
{"level":"info","message":"Checking 1 running sessions for completion","service":"instagram-scraper","timestamp":"2025-08-01 00:12:13"}
{"level":"info","message":"Checking 1 running sessions for completion","service":"instagram-scraper","timestamp":"2025-08-01 00:12:23"}
{"level":"info","message":"Checking 1 running sessions for completion","service":"instagram-scraper","timestamp":"2025-08-01 00:12:33"}
{"level":"info","message":"Checking 1 running sessions for completion","service":"instagram-scraper","timestamp":"2025-08-01 00:12:43"}
{"level":"info","message":"Checking 1 running sessions for completion","service":"instagram-scraper","timestamp":"2025-08-01 00:12:53"}
{"level":"info","message":"Checking 1 running sessions for completion","service":"instagram-scraper","timestamp":"2025-08-01 00:13:03"}
{"level":"info","message":"Checking 1 running sessions for completion","service":"instagram-scraper","timestamp":"2025-08-01 00:13:13"}
{"level":"info","message":"Socket N3Ripkp8X4wz8k4QAAAH unsubscribed from session 688bb09dcb3fc366e3af7bed","service":"instagram-scraper","timestamp":"2025-08-01 00:13:18"}
{"level":"info","message":"Checking 1 running sessions for completion","service":"instagram-scraper","timestamp":"2025-08-01 00:13:23"}
{"level":"info","message":"Checking 1 running sessions for completion","service":"instagram-scraper","timestamp":"2025-08-01 00:13:33"}
{"level":"info","message":"Checking 1 running sessions for completion","service":"instagram-scraper","timestamp":"2025-08-01 00:13:43"}
{"level":"info","message":"Checking 1 running sessions for completion","service":"instagram-scraper","timestamp":"2025-08-01 00:13:53"}
{"level":"info","message":"Checking 1 running sessions for completion","service":"instagram-scraper","timestamp":"2025-08-01 00:14:03"}
{"level":"info","message":"Checking 1 running sessions for completion","service":"instagram-scraper","timestamp":"2025-08-01 00:14:13"}
{"level":"info","message":"Checking 1 running sessions for completion","service":"instagram-scraper","timestamp":"2025-08-01 00:14:23"}
{"level":"info","message":"Checking 1 running sessions for completion","service":"instagram-scraper","timestamp":"2025-08-01 00:14:33"}
{"level":"error","message":"Failed to get queue stats: Reached the max retries per request limit (which is 20). Refer to \"maxRetriesPerRequest\" option for details.","previousErrors":[{"previousErrors":"[Circular]"},{"previousErrors":"[Circular]"}],"service":"instagram-scraper","stack":"MaxRetriesPerRequestError: Reached the max retries per request limit (which is 20). Refer to \"maxRetriesPerRequest\" option for details.\n    at Socket.<anonymous> (C:\\Users\\Asraful\\Desktop\\scraper system\\backend\\node_modules\\ioredis\\built\\redis\\event_handler.js:182:37)\n    at Object.onceWrapper (node:events:622:26)\n    at Socket.emit (node:events:507:28)\n    at TCP.<anonymous> (node:net:346:12)","timestamp":"2025-08-01 00:14:43"}
{"level":"error","message":"Failed to get queue stats: Reached the max retries per request limit (which is 20). Refer to \"maxRetriesPerRequest\" option for details.","previousErrors":[{"previousErrors":"[Circular]"},{"previousErrors":"[Circular]"}],"service":"instagram-scraper","stack":"MaxRetriesPerRequestError: Reached the max retries per request limit (which is 20). Refer to \"maxRetriesPerRequest\" option for details.\n    at Socket.<anonymous> (C:\\Users\\Asraful\\Desktop\\scraper system\\backend\\node_modules\\ioredis\\built\\redis\\event_handler.js:182:37)\n    at Object.onceWrapper (node:events:622:26)\n    at Socket.emit (node:events:507:28)\n    at TCP.<anonymous> (node:net:346:12)","timestamp":"2025-08-01 00:14:43"}
{"level":"error","message":"Failed to get queue stats: Reached the max retries per request limit (which is 20). Refer to \"maxRetriesPerRequest\" option for details.","previousErrors":[{"previousErrors":"[Circular]"},{"previousErrors":"[Circular]"}],"service":"instagram-scraper","stack":"MaxRetriesPerRequestError: Reached the max retries per request limit (which is 20). Refer to \"maxRetriesPerRequest\" option for details.\n    at Socket.<anonymous> (C:\\Users\\Asraful\\Desktop\\scraper system\\backend\\node_modules\\ioredis\\built\\redis\\event_handler.js:182:37)\n    at Object.onceWrapper (node:events:622:26)\n    at Socket.emit (node:events:507:28)\n    at TCP.<anonymous> (node:net:346:12)","timestamp":"2025-08-01 00:14:43"}
{"level":"error","message":"Failed to get queue stats: Reached the max retries per request limit (which is 20). Refer to \"maxRetriesPerRequest\" option for details.","previousErrors":[{"previousErrors":"[Circular]"},{"previousErrors":"[Circular]"}],"service":"instagram-scraper","stack":"MaxRetriesPerRequestError: Reached the max retries per request limit (which is 20). Refer to \"maxRetriesPerRequest\" option for details.\n    at Socket.<anonymous> (C:\\Users\\Asraful\\Desktop\\scraper system\\backend\\node_modules\\ioredis\\built\\redis\\event_handler.js:182:37)\n    at Object.onceWrapper (node:events:622:26)\n    at Socket.emit (node:events:507:28)\n    at TCP.<anonymous> (node:net:346:12)","timestamp":"2025-08-01 00:14:43"}
{"level":"error","message":"Failed to get queue stats: Reached the max retries per request limit (which is 20). Refer to \"maxRetriesPerRequest\" option for details.","previousErrors":[{"previousErrors":"[Circular]"},{"previousErrors":"[Circular]"}],"service":"instagram-scraper","stack":"MaxRetriesPerRequestError: Reached the max retries per request limit (which is 20). Refer to \"maxRetriesPerRequest\" option for details.\n    at Socket.<anonymous> (C:\\Users\\Asraful\\Desktop\\scraper system\\backend\\node_modules\\ioredis\\built\\redis\\event_handler.js:182:37)\n    at Object.onceWrapper (node:events:622:26)\n    at Socket.emit (node:events:507:28)\n    at TCP.<anonymous> (node:net:346:12)","timestamp":"2025-08-01 00:14:43"}
{"level":"error","message":"Failed to get queue stats: Reached the max retries per request limit (which is 20). Refer to \"maxRetriesPerRequest\" option for details.","previousErrors":[{"previousErrors":"[Circular]"},{"previousErrors":"[Circular]"}],"service":"instagram-scraper","stack":"MaxRetriesPerRequestError: Reached the max retries per request limit (which is 20). Refer to \"maxRetriesPerRequest\" option for details.\n    at Socket.<anonymous> (C:\\Users\\Asraful\\Desktop\\scraper system\\backend\\node_modules\\ioredis\\built\\redis\\event_handler.js:182:37)\n    at Object.onceWrapper (node:events:622:26)\n    at Socket.emit (node:events:507:28)\n    at TCP.<anonymous> (node:net:346:12)","timestamp":"2025-08-01 00:14:43"}
{"level":"error","message":"Failed to get queue stats: Reached the max retries per request limit (which is 20). Refer to \"maxRetriesPerRequest\" option for details.","previousErrors":[{"previousErrors":"[Circular]"},{"previousErrors":"[Circular]"}],"service":"instagram-scraper","stack":"MaxRetriesPerRequestError: Reached the max retries per request limit (which is 20). Refer to \"maxRetriesPerRequest\" option for details.\n    at Socket.<anonymous> (C:\\Users\\Asraful\\Desktop\\scraper system\\backend\\node_modules\\ioredis\\built\\redis\\event_handler.js:182:37)\n    at Object.onceWrapper (node:events:622:26)\n    at Socket.emit (node:events:507:28)\n    at TCP.<anonymous> (node:net:346:12)","timestamp":"2025-08-01 00:14:43"}
{"level":"error","message":"Failed to get queue stats: Reached the max retries per request limit (which is 20). Refer to \"maxRetriesPerRequest\" option for details.","previousErrors":[{"previousErrors":"[Circular]"},{"previousErrors":"[Circular]"}],"service":"instagram-scraper","stack":"MaxRetriesPerRequestError: Reached the max retries per request limit (which is 20). Refer to \"maxRetriesPerRequest\" option for details.\n    at Socket.<anonymous> (C:\\Users\\Asraful\\Desktop\\scraper system\\backend\\node_modules\\ioredis\\built\\redis\\event_handler.js:182:37)\n    at Object.onceWrapper (node:events:622:26)\n    at Socket.emit (node:events:507:28)\n    at TCP.<anonymous> (node:net:346:12)","timestamp":"2025-08-01 00:14:43"}
{"level":"error","message":"Failed to get queue stats: Reached the max retries per request limit (which is 20). Refer to \"maxRetriesPerRequest\" option for details.","previousErrors":[{"previousErrors":"[Circular]"},{"previousErrors":"[Circular]"}],"service":"instagram-scraper","stack":"MaxRetriesPerRequestError: Reached the max retries per request limit (which is 20). Refer to \"maxRetriesPerRequest\" option for details.\n    at Socket.<anonymous> (C:\\Users\\Asraful\\Desktop\\scraper system\\backend\\node_modules\\ioredis\\built\\redis\\event_handler.js:182:37)\n    at Object.onceWrapper (node:events:622:26)\n    at Socket.emit (node:events:507:28)\n    at TCP.<anonymous> (node:net:346:12)","timestamp":"2025-08-01 00:14:43"}
{"level":"error","message":"Failed to get queue stats: Reached the max retries per request limit (which is 20). Refer to \"maxRetriesPerRequest\" option for details.","previousErrors":[{"previousErrors":"[Circular]"},{"previousErrors":"[Circular]"}],"service":"instagram-scraper","stack":"MaxRetriesPerRequestError: Reached the max retries per request limit (which is 20). Refer to \"maxRetriesPerRequest\" option for details.\n    at Socket.<anonymous> (C:\\Users\\Asraful\\Desktop\\scraper system\\backend\\node_modules\\ioredis\\built\\redis\\event_handler.js:182:37)\n    at Object.onceWrapper (node:events:622:26)\n    at Socket.emit (node:events:507:28)\n    at TCP.<anonymous> (node:net:346:12)","timestamp":"2025-08-01 00:14:43"}
{"level":"error","message":"Failed to get queue stats: Reached the max retries per request limit (which is 20). Refer to \"maxRetriesPerRequest\" option for details.","previousErrors":[{"previousErrors":"[Circular]"},{"previousErrors":"[Circular]"}],"service":"instagram-scraper","stack":"MaxRetriesPerRequestError: Reached the max retries per request limit (which is 20). Refer to \"maxRetriesPerRequest\" option for details.\n    at Socket.<anonymous> (C:\\Users\\Asraful\\Desktop\\scraper system\\backend\\node_modules\\ioredis\\built\\redis\\event_handler.js:182:37)\n    at Object.onceWrapper (node:events:622:26)\n    at Socket.emit (node:events:507:28)\n    at TCP.<anonymous> (node:net:346:12)","timestamp":"2025-08-01 00:14:43"}
{"level":"error","message":"Failed to get queue stats: Reached the max retries per request limit (which is 20). Refer to \"maxRetriesPerRequest\" option for details.","previousErrors":[{"previousErrors":"[Circular]"},{"previousErrors":"[Circular]"}],"service":"instagram-scraper","stack":"MaxRetriesPerRequestError: Reached the max retries per request limit (which is 20). Refer to \"maxRetriesPerRequest\" option for details.\n    at Socket.<anonymous> (C:\\Users\\Asraful\\Desktop\\scraper system\\backend\\node_modules\\ioredis\\built\\redis\\event_handler.js:182:37)\n    at Object.onceWrapper (node:events:622:26)\n    at Socket.emit (node:events:507:28)\n    at TCP.<anonymous> (node:net:346:12)","timestamp":"2025-08-01 00:14:43"}
{"level":"error","message":"Failed to get queue stats: Reached the max retries per request limit (which is 20). Refer to \"maxRetriesPerRequest\" option for details.","previousErrors":[{"previousErrors":"[Circular]"},{"previousErrors":"[Circular]"}],"service":"instagram-scraper","stack":"MaxRetriesPerRequestError: Reached the max retries per request limit (which is 20). Refer to \"maxRetriesPerRequest\" option for details.\n    at Socket.<anonymous> (C:\\Users\\Asraful\\Desktop\\scraper system\\backend\\node_modules\\ioredis\\built\\redis\\event_handler.js:182:37)\n    at Object.onceWrapper (node:events:622:26)\n    at Socket.emit (node:events:507:28)\n    at TCP.<anonymous> (node:net:346:12)","timestamp":"2025-08-01 00:14:43"}
{"level":"error","message":"Failed to get queue stats: Reached the max retries per request limit (which is 20). Refer to \"maxRetriesPerRequest\" option for details.","previousErrors":[{"previousErrors":"[Circular]"},{"previousErrors":"[Circular]"}],"service":"instagram-scraper","stack":"MaxRetriesPerRequestError: Reached the max retries per request limit (which is 20). Refer to \"maxRetriesPerRequest\" option for details.\n    at Socket.<anonymous> (C:\\Users\\Asraful\\Desktop\\scraper system\\backend\\node_modules\\ioredis\\built\\redis\\event_handler.js:182:37)\n    at Object.onceWrapper (node:events:622:26)\n    at Socket.emit (node:events:507:28)\n    at TCP.<anonymous> (node:net:346:12)","timestamp":"2025-08-01 00:14:43"}
{"level":"error","message":"Failed to get queue stats: Reached the max retries per request limit (which is 20). Refer to \"maxRetriesPerRequest\" option for details.","previousErrors":[{"previousErrors":"[Circular]"},{"previousErrors":"[Circular]"}],"service":"instagram-scraper","stack":"MaxRetriesPerRequestError: Reached the max retries per request limit (which is 20). Refer to \"maxRetriesPerRequest\" option for details.\n    at Socket.<anonymous> (C:\\Users\\Asraful\\Desktop\\scraper system\\backend\\node_modules\\ioredis\\built\\redis\\event_handler.js:182:37)\n    at Object.onceWrapper (node:events:622:26)\n    at Socket.emit (node:events:507:28)\n    at TCP.<anonymous> (node:net:346:12)","timestamp":"2025-08-01 00:14:43"}
{"level":"error","message":"Failed to get queue stats: Reached the max retries per request limit (which is 20). Refer to \"maxRetriesPerRequest\" option for details.","previousErrors":[{"previousErrors":"[Circular]"},{"previousErrors":"[Circular]"}],"service":"instagram-scraper","stack":"MaxRetriesPerRequestError: Reached the max retries per request limit (which is 20). Refer to \"maxRetriesPerRequest\" option for details.\n    at Socket.<anonymous> (C:\\Users\\Asraful\\Desktop\\scraper system\\backend\\node_modules\\ioredis\\built\\redis\\event_handler.js:182:37)\n    at Object.onceWrapper (node:events:622:26)\n    at Socket.emit (node:events:507:28)\n    at TCP.<anonymous> (node:net:346:12)","timestamp":"2025-08-01 00:14:43"}
{"level":"error","message":"Failed to get queue stats: Reached the max retries per request limit (which is 20). Refer to \"maxRetriesPerRequest\" option for details.","previousErrors":[{"previousErrors":"[Circular]"},{"previousErrors":"[Circular]"}],"service":"instagram-scraper","stack":"MaxRetriesPerRequestError: Reached the max retries per request limit (which is 20). Refer to \"maxRetriesPerRequest\" option for details.\n    at Socket.<anonymous> (C:\\Users\\Asraful\\Desktop\\scraper system\\backend\\node_modules\\ioredis\\built\\redis\\event_handler.js:182:37)\n    at Object.onceWrapper (node:events:622:26)\n    at Socket.emit (node:events:507:28)\n    at TCP.<anonymous> (node:net:346:12)","timestamp":"2025-08-01 00:14:43"}
{"level":"info","message":"Checking 1 running sessions for completion","service":"instagram-scraper","timestamp":"2025-08-01 00:14:43"}
{"level":"info","message":"Checking 1 running sessions for completion","service":"instagram-scraper","timestamp":"2025-08-01 00:14:53"}
{"level":"info","message":"Checking 1 running sessions for completion","service":"instagram-scraper","timestamp":"2025-08-01 00:15:03"}
{"level":"info","message":"Checking 1 running sessions for completion","service":"instagram-scraper","timestamp":"2025-08-01 00:15:13"}
{"level":"info","message":"Checking 1 running sessions for completion","service":"instagram-scraper","timestamp":"2025-08-01 00:15:23"}
{"level":"info","message":"Checking 1 running sessions for completion","service":"instagram-scraper","timestamp":"2025-08-01 00:15:33"}
{"level":"info","message":"Socket N3Ripkp8X4wz8k4QAAAH subscribed to session 688bb09dcb3fc366e3af7bed","service":"instagram-scraper","timestamp":"2025-08-01 00:15:42"}
{"level":"info","message":"Socket N3Ripkp8X4wz8k4QAAAH unsubscribed from session 688bb09dcb3fc366e3af7bed","service":"instagram-scraper","timestamp":"2025-08-01 00:15:42"}
{"level":"info","message":"Socket N3Ripkp8X4wz8k4QAAAH subscribed to session 688bb09dcb3fc366e3af7bed","service":"instagram-scraper","timestamp":"2025-08-01 00:15:42"}
{"level":"info","message":"Checking 1 running sessions for completion","service":"instagram-scraper","timestamp":"2025-08-01 00:15:43"}
{"level":"info","message":"Checking 1 running sessions for completion","service":"instagram-scraper","timestamp":"2025-08-01 00:15:53"}
{"level":"info","message":"Checking 1 running sessions for completion","service":"instagram-scraper","timestamp":"2025-08-01 00:16:03"}
{"level":"info","message":"Checking 1 running sessions for completion","service":"instagram-scraper","timestamp":"2025-08-01 00:16:13"}
{"level":"info","message":"Checking 1 running sessions for completion","service":"instagram-scraper","timestamp":"2025-08-01 00:16:23"}
{"level":"info","message":"Checking 1 running sessions for completion","service":"instagram-scraper","timestamp":"2025-08-01 00:16:33"}
{"level":"info","message":"Checking 1 running sessions for completion","service":"instagram-scraper","timestamp":"2025-08-01 00:16:43"}
{"level":"info","message":"Checking 1 running sessions for completion","service":"instagram-scraper","timestamp":"2025-08-01 00:16:53"}
{"level":"info","message":"Checking 1 running sessions for completion","service":"instagram-scraper","timestamp":"2025-08-01 00:17:03"}
{"level":"info","message":"Checking 1 running sessions for completion","service":"instagram-scraper","timestamp":"2025-08-01 00:17:13"}
{"level":"info","message":"Checking 1 running sessions for completion","service":"instagram-scraper","timestamp":"2025-08-01 00:17:23"}
{"level":"info","message":"Checking 1 running sessions for completion","service":"instagram-scraper","timestamp":"2025-08-01 00:17:33"}
{"level":"info","message":"Checking 1 running sessions for completion","service":"instagram-scraper","timestamp":"2025-08-01 00:17:43"}
{"level":"info","message":"Checking 1 running sessions for completion","service":"instagram-scraper","timestamp":"2025-08-01 00:17:53"}
{"level":"info","message":"Checking 1 running sessions for completion","service":"instagram-scraper","timestamp":"2025-08-01 00:18:03"}
{"level":"info","message":"Checking 1 running sessions for completion","service":"instagram-scraper","timestamp":"2025-08-01 00:18:13"}
{"level":"info","message":"Checking 1 running sessions for completion","service":"instagram-scraper","timestamp":"2025-08-01 00:18:23"}
{"level":"info","message":"Checking 1 running sessions for completion","service":"instagram-scraper","timestamp":"2025-08-01 00:18:33"}
{"level":"info","message":"Checking 1 running sessions for completion","service":"instagram-scraper","timestamp":"2025-08-01 00:18:43"}
{"level":"info","message":"Socket disconnected: 8zmuzDUiXEHJtpa5AAAL","service":"instagram-scraper","timestamp":"2025-08-01 00:18:47"}
{"level":"info","message":"New socket connection: m_LPYwToH14tV6v-AAAN","service":"instagram-scraper","timestamp":"2025-08-01 00:18:48"}
{"level":"info","message":"Socket m_LPYwToH14tV6v-AAAN subscribed to session 688bb09dcb3fc366e3af7bed","service":"instagram-scraper","timestamp":"2025-08-01 00:18:48"}
{"level":"info","message":"Sample root profile metadata:","metadata":{"apifyRunId":"54504497642","dataVersion":"1.0","error":{},"igtvCount":0,"postsCount":12,"processingTime":0.12,"relatedProfilesCount":80,"scrapingSource":"apify"},"service":"instagram-scraper","timestamp":"2025-08-01 00:18:48","username":"lowbri22"}
{"level":"info","message":"Root profile aggregation result:","result":"[\n  {\n    \"_id\": \"scraped\",\n    \"count\": 1,\n    \"profiles\": [\n      {\n        \"username\": \"lowbri22\",\n        \"profileUrl\": \"https://www.instagram.com/lowbri22\"\n      }\n    ],\n    \"totalRelatedProfilesFound\": 80\n  }\n]","service":"instagram-scraper","sessionId":"688bb09dcb3fc366e3af7bed","timestamp":"2025-08-01 00:18:48"}
{"level":"info","message":"Checking 1 running sessions for completion","service":"instagram-scraper","timestamp":"2025-08-01 00:18:53"}
{"level":"info","message":"Checking 1 running sessions for completion","service":"instagram-scraper","timestamp":"2025-08-01 00:19:03"}
{"level":"info","message":"Checking 1 running sessions for completion","service":"instagram-scraper","timestamp":"2025-08-01 00:19:13"}
{"level":"info","message":"Checking 1 running sessions for completion","service":"instagram-scraper","timestamp":"2025-08-01 00:19:23"}
{"level":"info","message":"Checking 1 running sessions for completion","service":"instagram-scraper","timestamp":"2025-08-01 00:19:33"}
{"level":"info","message":"Checking 1 running sessions for completion","service":"instagram-scraper","timestamp":"2025-08-01 00:19:43"}
{"level":"info","message":"Checking 1 running sessions for completion","service":"instagram-scraper","timestamp":"2025-08-01 00:19:53"}
{"level":"info","message":"Checking 1 running sessions for completion","service":"instagram-scraper","timestamp":"2025-08-01 00:20:03"}
{"level":"info","message":"Checking 1 running sessions for completion","service":"instagram-scraper","timestamp":"2025-08-01 00:20:13"}
{"level":"info","message":"Checking 1 running sessions for completion","service":"instagram-scraper","timestamp":"2025-08-01 00:20:23"}
{"level":"info","message":"Checking 1 running sessions for completion","service":"instagram-scraper","timestamp":"2025-08-01 00:20:33"}
{"level":"info","message":"Checking 1 running sessions for completion","service":"instagram-scraper","timestamp":"2025-08-01 00:20:43"}
{"level":"info","message":"Checking 1 running sessions for completion","service":"instagram-scraper","timestamp":"2025-08-01 00:20:53"}
{"level":"info","message":"Checking 1 running sessions for completion","service":"instagram-scraper","timestamp":"2025-08-01 00:21:03"}
{"level":"info","message":"Checking 1 running sessions for completion","service":"instagram-scraper","timestamp":"2025-08-01 00:21:13"}
{"level":"info","message":"Checking 1 running sessions for completion","service":"instagram-scraper","timestamp":"2025-08-01 00:21:23"}
{"level":"info","message":"Checking 1 running sessions for completion","service":"instagram-scraper","timestamp":"2025-08-01 00:21:33"}
{"level":"error","message":"Failed to get queue stats: Reached the max retries per request limit (which is 20). Refer to \"maxRetriesPerRequest\" option for details.","previousErrors":[{"previousErrors":"[Circular]"},{"previousErrors":"[Circular]"}],"service":"instagram-scraper","stack":"MaxRetriesPerRequestError: Reached the max retries per request limit (which is 20). Refer to \"maxRetriesPerRequest\" option for details.\n    at Socket.<anonymous> (C:\\Users\\Asraful\\Desktop\\scraper system\\backend\\node_modules\\ioredis\\built\\redis\\event_handler.js:182:37)\n    at Object.onceWrapper (node:events:622:26)\n    at Socket.emit (node:events:507:28)\n    at TCP.<anonymous> (node:net:346:12)","timestamp":"2025-08-01 00:21:43"}
{"level":"error","message":"Failed to get queue stats: Reached the max retries per request limit (which is 20). Refer to \"maxRetriesPerRequest\" option for details.","previousErrors":[{"previousErrors":"[Circular]"},{"previousErrors":"[Circular]"}],"service":"instagram-scraper","stack":"MaxRetriesPerRequestError: Reached the max retries per request limit (which is 20). Refer to \"maxRetriesPerRequest\" option for details.\n    at Socket.<anonymous> (C:\\Users\\Asraful\\Desktop\\scraper system\\backend\\node_modules\\ioredis\\built\\redis\\event_handler.js:182:37)\n    at Object.onceWrapper (node:events:622:26)\n    at Socket.emit (node:events:507:28)\n    at TCP.<anonymous> (node:net:346:12)","timestamp":"2025-08-01 00:21:43"}
{"level":"error","message":"Failed to get queue stats: Reached the max retries per request limit (which is 20). Refer to \"maxRetriesPerRequest\" option for details.","previousErrors":[{"previousErrors":"[Circular]"},{"previousErrors":"[Circular]"}],"service":"instagram-scraper","stack":"MaxRetriesPerRequestError: Reached the max retries per request limit (which is 20). Refer to \"maxRetriesPerRequest\" option for details.\n    at Socket.<anonymous> (C:\\Users\\Asraful\\Desktop\\scraper system\\backend\\node_modules\\ioredis\\built\\redis\\event_handler.js:182:37)\n    at Object.onceWrapper (node:events:622:26)\n    at Socket.emit (node:events:507:28)\n    at TCP.<anonymous> (node:net:346:12)","timestamp":"2025-08-01 00:21:43"}
{"level":"error","message":"Failed to get queue stats: Reached the max retries per request limit (which is 20). Refer to \"maxRetriesPerRequest\" option for details.","previousErrors":[{"previousErrors":"[Circular]"},{"previousErrors":"[Circular]"}],"service":"instagram-scraper","stack":"MaxRetriesPerRequestError: Reached the max retries per request limit (which is 20). Refer to \"maxRetriesPerRequest\" option for details.\n    at Socket.<anonymous> (C:\\Users\\Asraful\\Desktop\\scraper system\\backend\\node_modules\\ioredis\\built\\redis\\event_handler.js:182:37)\n    at Object.onceWrapper (node:events:622:26)\n    at Socket.emit (node:events:507:28)\n    at TCP.<anonymous> (node:net:346:12)","timestamp":"2025-08-01 00:21:43"}
{"level":"error","message":"Failed to get queue stats: Reached the max retries per request limit (which is 20). Refer to \"maxRetriesPerRequest\" option for details.","previousErrors":[{"previousErrors":"[Circular]"},{"previousErrors":"[Circular]"}],"service":"instagram-scraper","stack":"MaxRetriesPerRequestError: Reached the max retries per request limit (which is 20). Refer to \"maxRetriesPerRequest\" option for details.\n    at Socket.<anonymous> (C:\\Users\\Asraful\\Desktop\\scraper system\\backend\\node_modules\\ioredis\\built\\redis\\event_handler.js:182:37)\n    at Object.onceWrapper (node:events:622:26)\n    at Socket.emit (node:events:507:28)\n    at TCP.<anonymous> (node:net:346:12)","timestamp":"2025-08-01 00:21:43"}
{"level":"error","message":"Failed to get queue stats: Reached the max retries per request limit (which is 20). Refer to \"maxRetriesPerRequest\" option for details.","previousErrors":[{"previousErrors":"[Circular]"},{"previousErrors":"[Circular]"}],"service":"instagram-scraper","stack":"MaxRetriesPerRequestError: Reached the max retries per request limit (which is 20). Refer to \"maxRetriesPerRequest\" option for details.\n    at Socket.<anonymous> (C:\\Users\\Asraful\\Desktop\\scraper system\\backend\\node_modules\\ioredis\\built\\redis\\event_handler.js:182:37)\n    at Object.onceWrapper (node:events:622:26)\n    at Socket.emit (node:events:507:28)\n    at TCP.<anonymous> (node:net:346:12)","timestamp":"2025-08-01 00:21:43"}
{"level":"error","message":"Failed to get queue stats: Reached the max retries per request limit (which is 20). Refer to \"maxRetriesPerRequest\" option for details.","previousErrors":[{"previousErrors":"[Circular]"},{"previousErrors":"[Circular]"}],"service":"instagram-scraper","stack":"MaxRetriesPerRequestError: Reached the max retries per request limit (which is 20). Refer to \"maxRetriesPerRequest\" option for details.\n    at Socket.<anonymous> (C:\\Users\\Asraful\\Desktop\\scraper system\\backend\\node_modules\\ioredis\\built\\redis\\event_handler.js:182:37)\n    at Object.onceWrapper (node:events:622:26)\n    at Socket.emit (node:events:507:28)\n    at TCP.<anonymous> (node:net:346:12)","timestamp":"2025-08-01 00:21:43"}
{"level":"error","message":"Failed to get queue stats: Reached the max retries per request limit (which is 20). Refer to \"maxRetriesPerRequest\" option for details.","previousErrors":[{"previousErrors":"[Circular]"},{"previousErrors":"[Circular]"}],"service":"instagram-scraper","stack":"MaxRetriesPerRequestError: Reached the max retries per request limit (which is 20). Refer to \"maxRetriesPerRequest\" option for details.\n    at Socket.<anonymous> (C:\\Users\\Asraful\\Desktop\\scraper system\\backend\\node_modules\\ioredis\\built\\redis\\event_handler.js:182:37)\n    at Object.onceWrapper (node:events:622:26)\n    at Socket.emit (node:events:507:28)\n    at TCP.<anonymous> (node:net:346:12)","timestamp":"2025-08-01 00:21:43"}
{"level":"error","message":"Failed to get queue stats: Reached the max retries per request limit (which is 20). Refer to \"maxRetriesPerRequest\" option for details.","previousErrors":[{"previousErrors":"[Circular]"},{"previousErrors":"[Circular]"}],"service":"instagram-scraper","stack":"MaxRetriesPerRequestError: Reached the max retries per request limit (which is 20). Refer to \"maxRetriesPerRequest\" option for details.\n    at Socket.<anonymous> (C:\\Users\\Asraful\\Desktop\\scraper system\\backend\\node_modules\\ioredis\\built\\redis\\event_handler.js:182:37)\n    at Object.onceWrapper (node:events:622:26)\n    at Socket.emit (node:events:507:28)\n    at TCP.<anonymous> (node:net:346:12)","timestamp":"2025-08-01 00:21:43"}
{"level":"error","message":"Failed to get queue stats: Reached the max retries per request limit (which is 20). Refer to \"maxRetriesPerRequest\" option for details.","previousErrors":[{"previousErrors":"[Circular]"},{"previousErrors":"[Circular]"}],"service":"instagram-scraper","stack":"MaxRetriesPerRequestError: Reached the max retries per request limit (which is 20). Refer to \"maxRetriesPerRequest\" option for details.\n    at Socket.<anonymous> (C:\\Users\\Asraful\\Desktop\\scraper system\\backend\\node_modules\\ioredis\\built\\redis\\event_handler.js:182:37)\n    at Object.onceWrapper (node:events:622:26)\n    at Socket.emit (node:events:507:28)\n    at TCP.<anonymous> (node:net:346:12)","timestamp":"2025-08-01 00:21:43"}
{"level":"error","message":"Failed to get queue stats: Reached the max retries per request limit (which is 20). Refer to \"maxRetriesPerRequest\" option for details.","previousErrors":[{"previousErrors":"[Circular]"},{"previousErrors":"[Circular]"}],"service":"instagram-scraper","stack":"MaxRetriesPerRequestError: Reached the max retries per request limit (which is 20). Refer to \"maxRetriesPerRequest\" option for details.\n    at Socket.<anonymous> (C:\\Users\\Asraful\\Desktop\\scraper system\\backend\\node_modules\\ioredis\\built\\redis\\event_handler.js:182:37)\n    at Object.onceWrapper (node:events:622:26)\n    at Socket.emit (node:events:507:28)\n    at TCP.<anonymous> (node:net:346:12)","timestamp":"2025-08-01 00:21:43"}
{"level":"error","message":"Failed to get queue stats: Reached the max retries per request limit (which is 20). Refer to \"maxRetriesPerRequest\" option for details.","previousErrors":[{"previousErrors":"[Circular]"},{"previousErrors":"[Circular]"}],"service":"instagram-scraper","stack":"MaxRetriesPerRequestError: Reached the max retries per request limit (which is 20). Refer to \"maxRetriesPerRequest\" option for details.\n    at Socket.<anonymous> (C:\\Users\\Asraful\\Desktop\\scraper system\\backend\\node_modules\\ioredis\\built\\redis\\event_handler.js:182:37)\n    at Object.onceWrapper (node:events:622:26)\n    at Socket.emit (node:events:507:28)\n    at TCP.<anonymous> (node:net:346:12)","timestamp":"2025-08-01 00:21:43"}
{"level":"error","message":"Failed to get queue stats: Reached the max retries per request limit (which is 20). Refer to \"maxRetriesPerRequest\" option for details.","previousErrors":[{"previousErrors":"[Circular]"},{"previousErrors":"[Circular]"}],"service":"instagram-scraper","stack":"MaxRetriesPerRequestError: Reached the max retries per request limit (which is 20). Refer to \"maxRetriesPerRequest\" option for details.\n    at Socket.<anonymous> (C:\\Users\\Asraful\\Desktop\\scraper system\\backend\\node_modules\\ioredis\\built\\redis\\event_handler.js:182:37)\n    at Object.onceWrapper (node:events:622:26)\n    at Socket.emit (node:events:507:28)\n    at TCP.<anonymous> (node:net:346:12)","timestamp":"2025-08-01 00:21:43"}
{"level":"error","message":"Failed to get queue stats: Reached the max retries per request limit (which is 20). Refer to \"maxRetriesPerRequest\" option for details.","previousErrors":[{"previousErrors":"[Circular]"},{"previousErrors":"[Circular]"}],"service":"instagram-scraper","stack":"MaxRetriesPerRequestError: Reached the max retries per request limit (which is 20). Refer to \"maxRetriesPerRequest\" option for details.\n    at Socket.<anonymous> (C:\\Users\\Asraful\\Desktop\\scraper system\\backend\\node_modules\\ioredis\\built\\redis\\event_handler.js:182:37)\n    at Object.onceWrapper (node:events:622:26)\n    at Socket.emit (node:events:507:28)\n    at TCP.<anonymous> (node:net:346:12)","timestamp":"2025-08-01 00:21:43"}
{"level":"error","message":"Failed to get queue stats: Reached the max retries per request limit (which is 20). Refer to \"maxRetriesPerRequest\" option for details.","previousErrors":[{"previousErrors":"[Circular]"},{"previousErrors":"[Circular]"}],"service":"instagram-scraper","stack":"MaxRetriesPerRequestError: Reached the max retries per request limit (which is 20). Refer to \"maxRetriesPerRequest\" option for details.\n    at Socket.<anonymous> (C:\\Users\\Asraful\\Desktop\\scraper system\\backend\\node_modules\\ioredis\\built\\redis\\event_handler.js:182:37)\n    at Object.onceWrapper (node:events:622:26)\n    at Socket.emit (node:events:507:28)\n    at TCP.<anonymous> (node:net:346:12)","timestamp":"2025-08-01 00:21:43"}
{"level":"error","message":"Failed to get queue stats: Reached the max retries per request limit (which is 20). Refer to \"maxRetriesPerRequest\" option for details.","previousErrors":[{"previousErrors":"[Circular]"},{"previousErrors":"[Circular]"}],"service":"instagram-scraper","stack":"MaxRetriesPerRequestError: Reached the max retries per request limit (which is 20). Refer to \"maxRetriesPerRequest\" option for details.\n    at Socket.<anonymous> (C:\\Users\\Asraful\\Desktop\\scraper system\\backend\\node_modules\\ioredis\\built\\redis\\event_handler.js:182:37)\n    at Object.onceWrapper (node:events:622:26)\n    at Socket.emit (node:events:507:28)\n    at TCP.<anonymous> (node:net:346:12)","timestamp":"2025-08-01 00:21:43"}
{"level":"error","message":"Failed to get queue stats: Reached the max retries per request limit (which is 20). Refer to \"maxRetriesPerRequest\" option for details.","previousErrors":[{"previousErrors":"[Circular]"},{"previousErrors":"[Circular]"}],"service":"instagram-scraper","stack":"MaxRetriesPerRequestError: Reached the max retries per request limit (which is 20). Refer to \"maxRetriesPerRequest\" option for details.\n    at Socket.<anonymous> (C:\\Users\\Asraful\\Desktop\\scraper system\\backend\\node_modules\\ioredis\\built\\redis\\event_handler.js:182:37)\n    at Object.onceWrapper (node:events:622:26)\n    at Socket.emit (node:events:507:28)\n    at TCP.<anonymous> (node:net:346:12)","timestamp":"2025-08-01 00:21:43"}
{"level":"error","message":"Failed to get queue stats: Reached the max retries per request limit (which is 20). Refer to \"maxRetriesPerRequest\" option for details.","previousErrors":[{"previousErrors":"[Circular]"},{"previousErrors":"[Circular]"}],"service":"instagram-scraper","stack":"MaxRetriesPerRequestError: Reached the max retries per request limit (which is 20). Refer to \"maxRetriesPerRequest\" option for details.\n    at Socket.<anonymous> (C:\\Users\\Asraful\\Desktop\\scraper system\\backend\\node_modules\\ioredis\\built\\redis\\event_handler.js:182:37)\n    at Object.onceWrapper (node:events:622:26)\n    at Socket.emit (node:events:507:28)\n    at TCP.<anonymous> (node:net:346:12)","timestamp":"2025-08-01 00:21:43"}
{"level":"error","message":"Failed to get queue stats: Reached the max retries per request limit (which is 20). Refer to \"maxRetriesPerRequest\" option for details.","previousErrors":[{"previousErrors":"[Circular]"},{"previousErrors":"[Circular]"}],"service":"instagram-scraper","stack":"MaxRetriesPerRequestError: Reached the max retries per request limit (which is 20). Refer to \"maxRetriesPerRequest\" option for details.\n    at Socket.<anonymous> (C:\\Users\\Asraful\\Desktop\\scraper system\\backend\\node_modules\\ioredis\\built\\redis\\event_handler.js:182:37)\n    at Object.onceWrapper (node:events:622:26)\n    at Socket.emit (node:events:507:28)\n    at TCP.<anonymous> (node:net:346:12)","timestamp":"2025-08-01 00:21:43"}
{"level":"info","message":"Checking 1 running sessions for completion","service":"instagram-scraper","timestamp":"2025-08-01 00:21:43"}
{"level":"info","message":"Sample root profile metadata:","metadata":{"apifyRunId":"54504497642","dataVersion":"1.0","error":{},"igtvCount":0,"postsCount":12,"processingTime":0.12,"relatedProfilesCount":80,"scrapingSource":"apify"},"service":"instagram-scraper","timestamp":"2025-08-01 00:21:49","username":"lowbri22"}
{"level":"info","message":"Root profile aggregation result:","result":"[\n  {\n    \"_id\": \"scraped\",\n    \"count\": 1,\n    \"profiles\": [\n      {\n        \"username\": \"lowbri22\",\n        \"profileUrl\": \"https://www.instagram.com/lowbri22\"\n      }\n    ],\n    \"totalRelatedProfilesFound\": 80\n  }\n]","service":"instagram-scraper","sessionId":"688bb09dcb3fc366e3af7bed","timestamp":"2025-08-01 00:21:49"}
{"level":"info","message":"Sample root profile metadata:","metadata":{"apifyRunId":"54504497642","dataVersion":"1.0","error":{},"igtvCount":0,"postsCount":12,"processingTime":0.12,"relatedProfilesCount":80,"scrapingSource":"apify"},"service":"instagram-scraper","timestamp":"2025-08-01 00:21:50","username":"lowbri22"}
{"level":"info","message":"Root profile aggregation result:","result":"[\n  {\n    \"_id\": \"scraped\",\n    \"count\": 1,\n    \"profiles\": [\n      {\n        \"username\": \"lowbri22\",\n        \"profileUrl\": \"https://www.instagram.com/lowbri22\"\n      }\n    ],\n    \"totalRelatedProfilesFound\": 80\n  }\n]","service":"instagram-scraper","sessionId":"688bb09dcb3fc366e3af7bed","timestamp":"2025-08-01 00:21:50"}
{"level":"info","message":"Checking 1 running sessions for completion","service":"instagram-scraper","timestamp":"2025-08-01 00:21:53"}
{"level":"info","message":"Checking 1 running sessions for completion","service":"instagram-scraper","timestamp":"2025-08-01 00:22:03"}
{"level":"info","message":"Checking 1 running sessions for completion","service":"instagram-scraper","timestamp":"2025-08-01 00:22:13"}
{"level":"info","message":"Checking 1 running sessions for completion","service":"instagram-scraper","timestamp":"2025-08-01 00:22:23"}
{"level":"info","message":"Checking 1 running sessions for completion","service":"instagram-scraper","timestamp":"2025-08-01 00:22:33"}
{"level":"info","message":"Checking 1 running sessions for completion","service":"instagram-scraper","timestamp":"2025-08-01 00:22:43"}
{"level":"info","message":"Checking 1 running sessions for completion","service":"instagram-scraper","timestamp":"2025-08-01 00:22:53"}
{"level":"info","message":"Using Redis URL configuration for redis-14711.c16.us-east-1-2.ec2.redns.redis-cloud.com:14711","service":"instagram-scraper","timestamp":"2025-08-01 00:23:06"}
{"level":"info","message":"Cloudflare R2 configuration detected","service":"instagram-scraper","timestamp":"2025-08-01 00:23:06"}
{"level":"info","message":"Cloudflare R2 client initialized successfully","service":"instagram-scraper","timestamp":"2025-08-01 00:23:06"}
{"level":"info","message":"Cloudflare CDN conversion enabled","service":"instagram-scraper","timestamp":"2025-08-01 00:23:06"}
{"level":"info","message":"N8nWebhookService initialized","retryAttempts":3,"retryDelay":5000,"service":"instagram-scraper","timestamp":"2025-08-01 00:23:07","webhookUrl":"https://evoked.app.n8n.cloud/webhook/analysed-data"}
{"level":"info","message":"MongoDB connected successfully","service":"instagram-scraper","timestamp":"2025-08-01 00:23:08"}
{"level":"info","message":"Redis client connected","service":"instagram-scraper","timestamp":"2025-08-01 00:23:09"}
{"level":"info","message":"Redis client ready","service":"instagram-scraper","timestamp":"2025-08-01 00:23:09"}
{"level":"info","message":"Connected to Redis at redis-14711.c16.us-east-1-2.ec2.redns.redis-cloud.com:14711","service":"instagram-scraper","timestamp":"2025-08-01 00:23:09"}
{"level":"info","message":"Redis connection verified with PING","service":"instagram-scraper","timestamp":"2025-08-01 00:23:10"}
{"level":"info","message":"Initializing queue processors...","service":"instagram-scraper","timestamp":"2025-08-01 00:23:10"}
{"level":"info","message":"Root profile queue processor initialized","service":"instagram-scraper","timestamp":"2025-08-01 00:23:10"}
{"level":"info","message":"Related profile queue processor initialized","service":"instagram-scraper","timestamp":"2025-08-01 00:23:10"}
{"level":"info","message":"Depth processing queue processor initialized","service":"instagram-scraper","timestamp":"2025-08-01 00:23:10"}
{"level":"info","message":"Related profile batch queue processor initialized","service":"instagram-scraper","timestamp":"2025-08-01 00:23:10"}
{"level":"info","message":"Analysis will be processed through n8n webhook","service":"instagram-scraper","timestamp":"2025-08-01 00:23:10"}
{"level":"info","message":"All queue processors initialized successfully","service":"instagram-scraper","timestamp":"2025-08-01 00:23:10"}
{"level":"info","message":"Socket.IO server initialized","service":"instagram-scraper","timestamp":"2025-08-01 00:23:10"}
{"level":"info","message":"Session completion checker started","service":"instagram-scraper","timestamp":"2025-08-01 00:23:10"}
{"level":"info","message":"Server is running on port 5000","service":"instagram-scraper","timestamp":"2025-08-01 00:23:10"}
{"level":"info","message":"Environment: development","service":"instagram-scraper","timestamp":"2025-08-01 00:23:10"}
{"level":"info","message":"Socket.IO server initialized","service":"instagram-scraper","timestamp":"2025-08-01 00:23:10"}
{"level":"info","message":"New socket connection: qIiJwqfb3xI6QVi0AAAB","service":"instagram-scraper","timestamp":"2025-08-01 00:23:10"}
{"level":"info","message":"Socket qIiJwqfb3xI6QVi0AAAB unsubscribed from session 688bb09dcb3fc366e3af7bed","service":"instagram-scraper","timestamp":"2025-08-01 00:23:10"}
{"level":"info","message":"Socket qIiJwqfb3xI6QVi0AAAB subscribed to session 688bb09dcb3fc366e3af7bed","service":"instagram-scraper","timestamp":"2025-08-01 00:23:10"}
{"command":{"args":["default","gCQFdCCaEs28aAW3V6EjgpH0oNh45Ek7"],"name":"auth"},"level":"error","message":"Queue error in depthProcessingQueue: ERR max number of clients reached","service":"instagram-scraper","stack":"ReplyError: ERR max number of clients reached\n    at parseError (C:\\Users\\Asraful\\Desktop\\scraper system\\backend\\node_modules\\redis-parser\\lib\\parser.js:179:12)\n    at parseType (C:\\Users\\Asraful\\Desktop\\scraper system\\backend\\node_modules\\redis-parser\\lib\\parser.js:302:14)","timestamp":"2025-08-01 00:23:10"}
{"level":"info","message":"Using Redis URL configuration for redis-14711.c16.us-east-1-2.ec2.redns.redis-cloud.com:14711","service":"instagram-scraper","timestamp":"2025-08-01 00:50:55"}
{"level":"info","message":"Created shared Redis clients for Bull queues","service":"instagram-scraper","timestamp":"2025-08-01 00:50:55"}
{"level":"info","message":"Cloudflare R2 configuration detected","service":"instagram-scraper","timestamp":"2025-08-01 00:50:56"}
{"level":"info","message":"Cloudflare R2 client initialized successfully","service":"instagram-scraper","timestamp":"2025-08-01 00:50:56"}
{"level":"info","message":"Cloudflare CDN conversion enabled","service":"instagram-scraper","timestamp":"2025-08-01 00:50:56"}
{"level":"info","message":"N8nWebhookService initialized","retryAttempts":3,"retryDelay":5000,"service":"instagram-scraper","timestamp":"2025-08-01 00:50:56","webhookUrl":"https://evoked.app.n8n.cloud/webhook/analysed-data"}
{"level":"info","message":"Shared Redis client connected for Bull queues","service":"instagram-scraper","timestamp":"2025-08-01 00:50:57"}
{"level":"info","message":"MongoDB connected successfully","service":"instagram-scraper","timestamp":"2025-08-01 00:50:58"}
{"level":"info","message":"Redis client connected","service":"instagram-scraper","timestamp":"2025-08-01 00:50:59"}
{"level":"info","message":"Redis client ready","service":"instagram-scraper","timestamp":"2025-08-01 00:50:59"}
{"level":"info","message":"Connected to Redis at redis-14711.c16.us-east-1-2.ec2.redns.redis-cloud.com:14711","service":"instagram-scraper","timestamp":"2025-08-01 00:50:59"}
{"level":"info","message":"Redis connection verified with PING","service":"instagram-scraper","timestamp":"2025-08-01 00:50:59"}
{"level":"info","message":"Initializing queue processors...","service":"instagram-scraper","timestamp":"2025-08-01 00:50:59"}
{"level":"info","message":"Root profile queue processor initialized","service":"instagram-scraper","timestamp":"2025-08-01 00:50:59"}
{"level":"info","message":"Related profile queue processor initialized","service":"instagram-scraper","timestamp":"2025-08-01 00:50:59"}
{"level":"info","message":"Depth processing queue processor initialized","service":"instagram-scraper","timestamp":"2025-08-01 00:50:59"}
{"level":"info","message":"Related profile batch queue processor initialized","service":"instagram-scraper","timestamp":"2025-08-01 00:50:59"}
{"level":"info","message":"Analysis will be processed through n8n webhook","service":"instagram-scraper","timestamp":"2025-08-01 00:50:59"}
{"level":"info","message":"All queue processors initialized successfully","service":"instagram-scraper","timestamp":"2025-08-01 00:50:59"}
{"level":"info","message":"Socket.IO server initialized","service":"instagram-scraper","timestamp":"2025-08-01 00:50:59"}
{"level":"info","message":"Session completion checker started","service":"instagram-scraper","timestamp":"2025-08-01 00:50:59"}
{"level":"info","message":"Server is running on port 5000","service":"instagram-scraper","timestamp":"2025-08-01 00:50:59"}
{"level":"info","message":"Environment: development","service":"instagram-scraper","timestamp":"2025-08-01 00:50:59"}
{"level":"info","message":"Socket.IO server initialized","service":"instagram-scraper","timestamp":"2025-08-01 00:50:59"}
{"level":"info","message":"New socket connection: JDsX-gKF3JYVWcmYAAAB","service":"instagram-scraper","timestamp":"2025-08-01 00:51:08"}
{"level":"info","message":"Socket JDsX-gKF3JYVWcmYAAAB subscribed to session 688bb09dcb3fc366e3af7bed","service":"instagram-scraper","timestamp":"2025-08-01 00:51:08"}
{"level":"info","message":"Sample root profile metadata:","metadata":{"apifyRunId":"54504497642","dataVersion":"1.0","error":{},"igtvCount":0,"postsCount":12,"processingTime":0.12,"relatedProfilesCount":80,"scrapingSource":"apify"},"service":"instagram-scraper","timestamp":"2025-08-01 00:51:09","username":"lowbri22"}
{"level":"info","message":"Root profile aggregation result:","result":"[\n  {\n    \"_id\": \"scraped\",\n    \"count\": 1,\n    \"profiles\": [\n      {\n        \"username\": \"lowbri22\",\n        \"profileUrl\": \"https://www.instagram.com/lowbri22\"\n      }\n    ],\n    \"totalRelatedProfilesFound\": 80\n  }\n]","service":"instagram-scraper","sessionId":"688bb09dcb3fc366e3af7bed","timestamp":"2025-08-01 00:51:09"}
{"level":"info","message":"Checking 0 running sessions for completion","service":"instagram-scraper","timestamp":"2025-08-01 00:51:09"}
{"level":"info","message":"Socket JDsX-gKF3JYVWcmYAAAB unsubscribed from session 688bb09dcb3fc366e3af7bed","service":"instagram-scraper","timestamp":"2025-08-01 00:51:12"}
{"level":"info","message":"Socket JDsX-gKF3JYVWcmYAAAB subscribed to session 688bb09dcb3fc366e3af7bed","service":"instagram-scraper","timestamp":"2025-08-01 00:51:15"}
{"level":"info","message":"Socket JDsX-gKF3JYVWcmYAAAB unsubscribed from session 688bb09dcb3fc366e3af7bed","service":"instagram-scraper","timestamp":"2025-08-01 00:51:15"}
{"level":"info","message":"Socket JDsX-gKF3JYVWcmYAAAB subscribed to session 688bb09dcb3fc366e3af7bed","service":"instagram-scraper","timestamp":"2025-08-01 00:51:15"}
{"level":"info","message":"Sample root profile metadata:","metadata":{"apifyRunId":"54504497642","dataVersion":"1.0","error":{},"igtvCount":0,"postsCount":12,"processingTime":0.12,"relatedProfilesCount":80,"scrapingSource":"apify"},"service":"instagram-scraper","timestamp":"2025-08-01 00:51:15","username":"lowbri22"}
{"level":"info","message":"Sample root profile metadata:","metadata":{"apifyRunId":"54504497642","dataVersion":"1.0","error":{},"igtvCount":0,"postsCount":12,"processingTime":0.12,"relatedProfilesCount":80,"scrapingSource":"apify"},"service":"instagram-scraper","timestamp":"2025-08-01 00:51:15","username":"lowbri22"}
{"level":"info","message":"Root profile aggregation result:","result":"[\n  {\n    \"_id\": \"scraped\",\n    \"count\": 1,\n    \"profiles\": [\n      {\n        \"username\": \"lowbri22\",\n        \"profileUrl\": \"https://www.instagram.com/lowbri22\"\n      }\n    ],\n    \"totalRelatedProfilesFound\": 80\n  }\n]","service":"instagram-scraper","sessionId":"688bb09dcb3fc366e3af7bed","timestamp":"2025-08-01 00:51:15"}
{"level":"info","message":"Root profile aggregation result:","result":"[\n  {\n    \"_id\": \"scraped\",\n    \"count\": 1,\n    \"profiles\": [\n      {\n        \"username\": \"lowbri22\",\n        \"profileUrl\": \"https://www.instagram.com/lowbri22\"\n      }\n    ],\n    \"totalRelatedProfilesFound\": 80\n  }\n]","service":"instagram-scraper","sessionId":"688bb09dcb3fc366e3af7bed","timestamp":"2025-08-01 00:51:16"}
{"level":"info","message":"Checking 0 running sessions for completion","service":"instagram-scraper","timestamp":"2025-08-01 00:51:19"}
{"level":"info","message":"Validating session ID: 688bb09dcb3fc366e3af7bed","service":"instagram-scraper","timestamp":"2025-08-01 00:51:30"}
{"level":"info","message":"Checking 0 running sessions for completion","service":"instagram-scraper","timestamp":"2025-08-01 00:51:58"}
{"level":"info","message":"Socket disconnected: JDsX-gKF3JYVWcmYAAAB","service":"instagram-scraper","timestamp":"2025-08-01 00:52:40"}
{"level":"info","message":"Checking 0 running sessions for completion","service":"instagram-scraper","timestamp":"2025-08-01 00:52:40"}
{"level":"info","message":"New socket connection: puxz0Pj-W0J1N4GlAAAD","service":"instagram-scraper","timestamp":"2025-08-01 00:52:41"}
{"level":"info","message":"Socket puxz0Pj-W0J1N4GlAAAD subscribed to session 688bb09dcb3fc366e3af7bed","service":"instagram-scraper","timestamp":"2025-08-01 00:52:41"}
{"level":"info","message":"Checking 0 running sessions for completion","service":"instagram-scraper","timestamp":"2025-08-01 00:52:50"}
{"level":"info","message":"Socket puxz0Pj-W0J1N4GlAAAD unsubscribed from session 688bb09dcb3fc366e3af7bed","service":"instagram-scraper","timestamp":"2025-08-01 00:53:01"}
{"level":"info","message":"Checking 0 running sessions for completion","service":"instagram-scraper","timestamp":"2025-08-01 00:53:07"}
{"level":"info","message":"Checking 0 running sessions for completion","service":"instagram-scraper","timestamp":"2025-08-01 00:53:18"}
{"level":"info","message":"Checking 0 running sessions for completion","service":"instagram-scraper","timestamp":"2025-08-01 00:53:19"}
{"level":"error","message":"Failed to get session analysis stats: Session not found","service":"instagram-scraper","stack":"Error: Session not found\n    at DepthProgressService.getDetailedProgress (C:\\Users\\Asraful\\Desktop\\scraper system\\backend\\src\\services\\depthProgressService.js:318:19)\n    at process.processTicksAndRejections (node:internal/process/task_queues:105:5)\n    at async getSessionAnalysisStats (C:\\Users\\Asraful\\Desktop\\scraper system\\backend\\src\\queues\\n8nAnalysisQueue.js:240:37)\n    at async C:\\Users\\Asraful\\Desktop\\scraper system\\backend\\src\\routes\\analysis.js:196:19","timestamp":"2025-08-01 00:53:19"}
{"level":"info","message":"Checking 0 running sessions for completion","service":"instagram-scraper","timestamp":"2025-08-01 00:53:20"}
{"level":"info","message":"Checking 0 running sessions for completion","service":"instagram-scraper","timestamp":"2025-08-01 00:53:20"}
{"level":"error","message":"Failed to get session analysis stats: Session not found","service":"instagram-scraper","stack":"Error: Session not found\n    at DepthProgressService.getDetailedProgress (C:\\Users\\Asraful\\Desktop\\scraper system\\backend\\src\\services\\depthProgressService.js:318:19)\n    at process.processTicksAndRejections (node:internal/process/task_queues:105:5)\n    at async getSessionAnalysisStats (C:\\Users\\Asraful\\Desktop\\scraper system\\backend\\src\\queues\\n8nAnalysisQueue.js:240:37)\n    at async C:\\Users\\Asraful\\Desktop\\scraper system\\backend\\src\\routes\\analysis.js:196:19","timestamp":"2025-08-01 00:53:21"}
{"level":"info","message":"Checking 0 running sessions for completion","service":"instagram-scraper","timestamp":"2025-08-01 00:53:22"}
{"level":"info","message":"Checking 0 running sessions for completion","service":"instagram-scraper","timestamp":"2025-08-01 00:53:22"}
{"level":"error","message":"Failed to get session analysis stats: Session not found","service":"instagram-scraper","stack":"Error: Session not found\n    at DepthProgressService.getDetailedProgress (C:\\Users\\Asraful\\Desktop\\scraper system\\backend\\src\\services\\depthProgressService.js:318:19)\n    at process.processTicksAndRejections (node:internal/process/task_queues:105:5)\n    at async getSessionAnalysisStats (C:\\Users\\Asraful\\Desktop\\scraper system\\backend\\src\\queues\\n8nAnalysisQueue.js:240:37)\n    at async C:\\Users\\Asraful\\Desktop\\scraper system\\backend\\src\\routes\\analysis.js:196:19","timestamp":"2025-08-01 00:53:23"}
{"level":"info","message":"Checking 0 running sessions for completion","service":"instagram-scraper","timestamp":"2025-08-01 00:53:24"}
{"level":"info","message":"Session 688bb09dcb3fc366e3af7bed and related data deleted from database","service":"instagram-scraper","timestamp":"2025-08-01 00:53:24"}
{"level":"info","message":"Checking 0 running sessions for completion","service":"instagram-scraper","timestamp":"2025-08-01 00:53:25"}
{"level":"info","message":"Checking 0 running sessions for completion","service":"instagram-scraper","timestamp":"2025-08-01 00:53:29"}
{"level":"info","message":"Checking 0 running sessions for completion","service":"instagram-scraper","timestamp":"2025-08-01 00:53:39"}
{"level":"info","message":"Checking 0 running sessions for completion","service":"instagram-scraper","timestamp":"2025-08-01 00:53:49"}
{"level":"info","message":"Checking 0 running sessions for completion","service":"instagram-scraper","timestamp":"2025-08-01 00:53:59"}
{"level":"info","message":"Checking 0 running sessions for completion","service":"instagram-scraper","timestamp":"2025-08-01 00:54:09"}
{"level":"info","message":"Socket disconnected: puxz0Pj-W0J1N4GlAAAD","service":"instagram-scraper","timestamp":"2025-08-01 00:54:10"}
{"level":"info","message":"New socket connection: P7QzpvqRMrwL75rsAAAF","service":"instagram-scraper","timestamp":"2025-08-01 00:54:10"}
{"level":"info","message":"Socket P7QzpvqRMrwL75rsAAAF subscribed to session 688b67bb2bc9912e6e807ccb","service":"instagram-scraper","timestamp":"2025-08-01 00:54:14"}
{"level":"info","message":"Socket P7QzpvqRMrwL75rsAAAF unsubscribed from session 688b67bb2bc9912e6e807ccb","service":"instagram-scraper","timestamp":"2025-08-01 00:54:14"}
{"level":"info","message":"Socket P7QzpvqRMrwL75rsAAAF subscribed to session 688b67bb2bc9912e6e807ccb","service":"instagram-scraper","timestamp":"2025-08-01 00:54:14"}
{"level":"info","message":"Sample root profile metadata:","metadata":{"apifyRunId":"38214362066","dataVersion":"1.0","error":{},"igtvCount":0,"postsCount":12,"processingTime":0.094,"relatedProfilesCount":80,"scrapingSource":"apify"},"service":"instagram-scraper","timestamp":"2025-08-01 00:54:15","username":"yakelinchacon_725"}
{"level":"info","message":"Sample root profile metadata:","metadata":{"apifyRunId":"38214362066","dataVersion":"1.0","error":{},"igtvCount":0,"postsCount":12,"processingTime":0.094,"relatedProfilesCount":80,"scrapingSource":"apify"},"service":"instagram-scraper","timestamp":"2025-08-01 00:54:15","username":"yakelinchacon_725"}
{"level":"info","message":"Root profile aggregation result:","result":"[\n  {\n    \"_id\": \"scraped\",\n    \"count\": 1,\n    \"profiles\": [\n      {\n        \"username\": \"yakelinchacon_725\",\n        \"profileUrl\": \"https://www.instagram.com/yakelinchacon_725\"\n      }\n    ],\n    \"totalRelatedProfilesFound\": 80\n  }\n]","service":"instagram-scraper","sessionId":"688b67bb2bc9912e6e807ccb","timestamp":"2025-08-01 00:54:15"}
{"level":"info","message":"Root profile aggregation result:","result":"[\n  {\n    \"_id\": \"scraped\",\n    \"count\": 1,\n    \"profiles\": [\n      {\n        \"username\": \"yakelinchacon_725\",\n        \"profileUrl\": \"https://www.instagram.com/yakelinchacon_725\"\n      }\n    ],\n    \"totalRelatedProfilesFound\": 80\n  }\n]","service":"instagram-scraper","sessionId":"688b67bb2bc9912e6e807ccb","timestamp":"2025-08-01 00:54:15"}
{"level":"info","message":"Socket P7QzpvqRMrwL75rsAAAF unsubscribed from session 688b67bb2bc9912e6e807ccb","service":"instagram-scraper","timestamp":"2025-08-01 00:54:16"}
{"level":"info","message":"Checking 0 running sessions for completion","service":"instagram-scraper","timestamp":"2025-08-01 00:54:20"}
{"level":"info","message":"Checking 0 running sessions for completion","service":"instagram-scraper","timestamp":"2025-08-01 00:54:29"}
{"level":"info","message":"Checking 0 running sessions for completion","service":"instagram-scraper","timestamp":"2025-08-01 00:54:39"}
{"level":"info","message":"Checking 0 running sessions for completion","service":"instagram-scraper","timestamp":"2025-08-01 00:54:49"}
{"level":"info","message":"Checking 0 running sessions for completion","service":"instagram-scraper","timestamp":"2025-08-01 00:54:59"}
{"level":"info","message":"Session validation passed for: DGV","service":"instagram-scraper","timestamp":"2025-08-01 00:55:01"}
{"level":"info","message":"Session created: DGV - Total: 1, New: 1, Existing: 0","service":"instagram-scraper","timestamp":"2025-08-01 00:55:02"}
{"level":"info","message":"Validating session ID: 688bbc05b0c0a04d9cbe0931","service":"instagram-scraper","timestamp":"2025-08-01 00:55:02"}
{"level":"info","message":"Starting queued batch processing for session 688bbc05b0c0a04d9cbe0931","service":"instagram-scraper","timestamp":"2025-08-01 00:55:02"}
{"level":"info","message":"Starting queued batch processing for session 688bbc05b0c0a04d9cbe0931","priority":1,"service":"instagram-scraper","timestamp":"2025-08-01 00:55:02","totalProfiles":1}
{"existing":0,"level":"info","message":"Session 688bbc05b0c0a04d9cbe0931 profile check:","service":"instagram-scraper","timestamp":"2025-08-01 00:55:03","toQueue":1,"total":1}
{"level":"info","message":"1 jobs added to rootProfileQueue","service":"instagram-scraper","timestamp":"2025-08-01 00:55:03"}
{"level":"info","message":"Queued 1 new root profile jobs + 0 existing profiles for related extraction","service":"instagram-scraper","timestamp":"2025-08-01 00:55:03"}
{"level":"info","message":"Checking 1 running sessions for completion","service":"instagram-scraper","timestamp":"2025-08-01 00:55:09"}
{"level":"info","message":"New socket connection: 3CXzMy_XKAj804jmAAAH","service":"instagram-scraper","timestamp":"2025-08-01 00:55:11"}
{"level":"info","message":"Socket 3CXzMy_XKAj804jmAAAH subscribed to session 688bbc05b0c0a04d9cbe0931","service":"instagram-scraper","timestamp":"2025-08-01 00:55:11"}
{"level":"info","message":"Root profile aggregation result:","result":"[\n  {\n    \"_id\": \"pending\",\n    \"count\": 1,\n    \"profiles\": [\n      {\n        \"username\": \"mary.katee_\",\n        \"profileUrl\": \"https://www.instagram.com/mary.katee_\"\n      }\n    ],\n    \"totalRelatedProfilesFound\": 0\n  }\n]","service":"instagram-scraper","sessionId":"688bbc05b0c0a04d9cbe0931","timestamp":"2025-08-01 00:55:11"}
{"failed":0,"level":"info","message":"Session 688bbc05b0c0a04d9cbe0931 progress: 0%","pending":1,"scraped":0,"service":"instagram-scraper","timestamp":"2025-08-01 00:55:13"}
{"level":"info","message":"Checking 1 running sessions for completion","service":"instagram-scraper","timestamp":"2025-08-01 00:55:19"}
{"failed":0,"level":"info","message":"Session 688bbc05b0c0a04d9cbe0931 progress: 0%","pending":1,"scraped":0,"service":"instagram-scraper","timestamp":"2025-08-01 00:55:23"}
{"attempt":1,"level":"info","message":"Processing root profile job 2","profileUrl":"https://www.instagram.com/mary.katee_","service":"instagram-scraper","sessionId":"688bbc05b0c0a04d9cbe0931","timestamp":"2025-08-01 00:55:25","username":"mary.katee_"}
{"level":"info","message":"Scraping profile: https://www.instagram.com/mary.katee_ (Attempt 1/3)","service":"instagram-scraper","timestamp":"2025-08-01 00:55:26"}
{"level":"info","message":"Checking 1 running sessions for completion","service":"instagram-scraper","timestamp":"2025-08-01 00:55:29"}
{"failed":0,"level":"info","message":"Session 688bbc05b0c0a04d9cbe0931 progress: 0%","pending":1,"scraped":0,"service":"instagram-scraper","timestamp":"2025-08-01 00:55:33"}
{"level":"info","message":"Checking 1 running sessions for completion","service":"instagram-scraper","timestamp":"2025-08-01 00:55:39"}
{"failed":0,"level":"info","message":"Session 688bbc05b0c0a04d9cbe0931 progress: 0%","pending":1,"scraped":0,"service":"instagram-scraper","timestamp":"2025-08-01 00:55:43"}
{"level":"info","message":"Starting CDN processing for mary.katee_","service":"instagram-scraper","timestamp":"2025-08-01 00:55:44"}
{"level":"info","message":"Processing 2 images for mary.katee_","service":"instagram-scraper","timestamp":"2025-08-01 00:55:44"}
{"level":"info","message":"Processing image for mary.katee_ (attempt 1/3)","service":"instagram-scraper","timestamp":"2025-08-01 00:55:44"}
{"level":"info","message":"Processing image for mary.katee_ (attempt 1/3)","service":"instagram-scraper","timestamp":"2025-08-01 00:55:44"}
{"level":"info","message":"Successfully uploaded image to R2: https://pub-20acc51a480e4a9691ed5b1c6b8891a6.r2.dev/instagram-profiles/mary.katee_/ea38336cc420b97518cfcfb418de8e71_1753988144634.jpg","service":"instagram-scraper","timestamp":"2025-08-01 00:55:47"}
{"level":"info","message":"Successfully uploaded image to R2: https://pub-20acc51a480e4a9691ed5b1c6b8891a6.r2.dev/instagram-profiles/mary.katee_/fcbd66ed88a39dcf025399d8239c7ad8_1753988144637.jpg","service":"instagram-scraper","timestamp":"2025-08-01 00:55:47"}
{"level":"info","message":"Successfully converted profilePicUrl to CDN for mary.katee_","service":"instagram-scraper","timestamp":"2025-08-01 00:55:47"}
{"level":"info","message":"Successfully converted profilePicUrlHD to CDN for mary.katee_","service":"instagram-scraper","timestamp":"2025-08-01 00:55:47"}
{"level":"info","message":"CDN processing completed for mary.katee_ in 2750ms","service":"instagram-scraper","timestamp":"2025-08-01 00:55:47"}
{"level":"info","message":"Successfully scraped and saved profile: https://www.instagram.com/mary.katee_","service":"instagram-scraper","timestamp":"2025-08-01 00:55:48"}
{"level":"info","message":"Successfully processed root profile mary.katee_","processingTime":24412,"profileId":"688bbc06b0c0a04d9cbe0934","relatedProfilesCount":0,"relatedProfilesQueued":0,"service":"instagram-scraper","timestamp":"2025-08-01 00:55:49"}
{"level":"info","message":"All root profiles processed for session 688bbc05b0c0a04d9cbe0931, checking for completion","service":"instagram-scraper","timestamp":"2025-08-01 00:55:49"}
{"level":"info","message":"Checking 1 running sessions for completion","service":"instagram-scraper","timestamp":"2025-08-01 00:55:50"}
{"jobId":"2","level":"info","message":"Job 2 completed in rootProfileQueue","processingTime":47079,"queue":"rootProfileQueue","service":"instagram-scraper","timestamp":"2025-08-01 00:55:50"}
{"failed":0,"level":"info","message":"Session 688bbc05b0c0a04d9cbe0931 progress: 100%","pending":0,"scraped":1,"service":"instagram-scraper","timestamp":"2025-08-01 00:55:53"}
{"level":"info","message":"Session 688bbc05b0c0a04d9cbe0931 monitoring completed","service":"instagram-scraper","timestamp":"2025-08-01 00:55:54"}
{"level":"info","message":"Checking completion status for session 688bbc05b0c0a04d9cbe0931","service":"instagram-scraper","timestamp":"2025-08-01 00:55:54"}
{"level":"info","message":"Checking completion for session 688bbc05b0c0a04d9cbe0931 with maxDepth 1","service":"instagram-scraper","timestamp":"2025-08-01 00:55:54"}
{"level":"info","message":"Root profile stats for session 688bbc05b0c0a04d9cbe0931:","scraped":1,"service":"instagram-scraper","timestamp":"2025-08-01 00:55:55"}
{"level":"info","message":"Depth 1 stats for session 688bbc05b0c0a04d9cbe0931:","service":"instagram-scraper","timestamp":"2025-08-01 00:55:55","total":0}
{"level":"info","message":"No active jobs found for session 688bbc05b0c0a04d9cbe0931","service":"instagram-scraper","timestamp":"2025-08-01 00:55:57"}
{"level":"info","message":"Session 688bbc05b0c0a04d9cbe0931 has analysis disabled, skipping analysis check","service":"instagram-scraper","timestamp":"2025-08-01 00:55:57"}
{"level":"info","message":"Session 688bbc05b0c0a04d9cbe0931 is complete!","service":"instagram-scraper","timestamp":"2025-08-01 00:55:57"}
{"level":"info","message":"Session 688bbc05b0c0a04d9cbe0931 is complete. Marking as completed.","service":"instagram-scraper","timestamp":"2025-08-01 00:55:57"}
{"level":"error","message":"Error checking session completion for 688bbc05b0c0a04d9cbe0931: socketService.emitSessionUpdate is not a function","service":"instagram-scraper","stack":"TypeError: socketService.emitSessionUpdate is not a function\n    at SessionCompletionService.checkAndUpdateSessionCompletion (C:\\Users\\Asraful\\Desktop\\scraper system\\backend\\src\\services\\sessionCompletionService.js:38:31)\n    at process.processTicksAndRejections (node:internal/process/task_queues:105:5)\n    at async Timeout._onTimeout (C:\\Users\\Asraful\\Desktop\\scraper system\\backend\\src\\queues\\processors\\rootProfileProcessor.js:353:11)","timestamp":"2025-08-01 00:55:57"}
{"level":"info","message":"Checking 0 running sessions for completion","service":"instagram-scraper","timestamp":"2025-08-01 00:56:00"}
{"level":"info","message":"Checking 0 running sessions for completion","service":"instagram-scraper","timestamp":"2025-08-01 00:56:09"}
{"level":"info","message":"Checking 0 running sessions for completion","service":"instagram-scraper","timestamp":"2025-08-01 00:56:20"}
{"level":"info","message":"Checking 0 running sessions for completion","service":"instagram-scraper","timestamp":"2025-08-01 00:56:30"}
{"level":"info","message":"Checking 0 running sessions for completion","service":"instagram-scraper","timestamp":"2025-08-01 00:56:40"}
{"level":"info","message":"Socket disconnected: 3CXzMy_XKAj804jmAAAH","service":"instagram-scraper","timestamp":"2025-08-01 00:56:50"}
{"level":"info","message":"Socket disconnected: P7QzpvqRMrwL75rsAAAF","service":"instagram-scraper","timestamp":"2025-08-01 00:56:50"}
{"level":"info","message":"New socket connection: hksYoZLL2LnzEYOXAAAJ","service":"instagram-scraper","timestamp":"2025-08-01 00:56:51"}
{"level":"info","message":"Socket hksYoZLL2LnzEYOXAAAJ subscribed to session 688bbc05b0c0a04d9cbe0931","service":"instagram-scraper","timestamp":"2025-08-01 00:56:51"}
{"level":"info","message":"New socket connection: UUeiNfxRjvNfys9UAAAL","service":"instagram-scraper","timestamp":"2025-08-01 00:56:51"}
{"level":"info","message":"New socket connection: 0Lf3b6IcrHctfEXvAAAN","service":"instagram-scraper","timestamp":"2025-08-01 00:56:52"}
{"level":"info","message":"Socket 0Lf3b6IcrHctfEXvAAAN subscribed to session 688bb09dcb3fc366e3af7bed","service":"instagram-scraper","timestamp":"2025-08-01 00:56:52"}
{"level":"info","message":"Checking 0 running sessions for completion","service":"instagram-scraper","timestamp":"2025-08-01 00:56:56"}
{"level":"info","message":"Sample root profile metadata:","metadata":{"apifyRunId":"460342334","dataVersion":"1.0","error":{},"igtvCount":0,"postsCount":12,"processingTime":0.132,"relatedProfilesCount":0,"scrapingSource":"apify"},"service":"instagram-scraper","timestamp":"2025-08-01 00:56:58","username":"mary.katee_"}
{"level":"info","message":"Root profile aggregation result:","result":"[\n  {\n    \"_id\": \"scraped\",\n    \"count\": 1,\n    \"profiles\": [\n      {\n        \"username\": \"mary.katee_\",\n        \"profileUrl\": \"https://www.instagram.com/mary.katee_\"\n      }\n    ],\n    \"totalRelatedProfilesFound\": 0\n  }\n]","service":"instagram-scraper","sessionId":"688bbc05b0c0a04d9cbe0931","timestamp":"2025-08-01 00:56:59"}
{"level":"info","message":"Socket disconnected: hksYoZLL2LnzEYOXAAAJ","service":"instagram-scraper","timestamp":"2025-08-01 00:56:59"}
{"level":"info","message":"Socket disconnected: UUeiNfxRjvNfys9UAAAL","service":"instagram-scraper","timestamp":"2025-08-01 00:56:59"}
{"level":"info","message":"Checking 0 running sessions for completion","service":"instagram-scraper","timestamp":"2025-08-01 00:57:00"}
{"level":"info","message":"Socket disconnected: 0Lf3b6IcrHctfEXvAAAN","service":"instagram-scraper","timestamp":"2025-08-01 00:57:00"}
{"level":"info","message":"New socket connection: -R72h1uXi6r_BbLmAAAQ","service":"instagram-scraper","timestamp":"2025-08-01 00:57:00"}
{"level":"info","message":"New socket connection: jVr1qqL82CRVngvFAAAR","service":"instagram-scraper","timestamp":"2025-08-01 00:57:00"}
{"level":"info","message":"Socket -R72h1uXi6r_BbLmAAAQ subscribed to session 688bbc05b0c0a04d9cbe0931","service":"instagram-scraper","timestamp":"2025-08-01 00:57:00"}
{"level":"info","message":"Socket jVr1qqL82CRVngvFAAAR subscribed to session 688bb09dcb3fc366e3af7bed","service":"instagram-scraper","timestamp":"2025-08-01 00:57:00"}
{"level":"info","message":"New socket connection: BizcL45-WmBhdR3dAAAT","service":"instagram-scraper","timestamp":"2025-08-01 00:57:00"}
{"level":"info","message":"Sample root profile metadata:","metadata":{"apifyRunId":"460342334","dataVersion":"1.0","error":{},"igtvCount":0,"postsCount":12,"processingTime":0.132,"relatedProfilesCount":0,"scrapingSource":"apify"},"service":"instagram-scraper","timestamp":"2025-08-01 00:57:01","username":"mary.katee_"}
{"level":"info","message":"Root profile aggregation result:","result":"[\n  {\n    \"_id\": \"scraped\",\n    \"count\": 1,\n    \"profiles\": [\n      {\n        \"username\": \"mary.katee_\",\n        \"profileUrl\": \"https://www.instagram.com/mary.katee_\"\n      }\n    ],\n    \"totalRelatedProfilesFound\": 0\n  }\n]","service":"instagram-scraper","sessionId":"688bbc05b0c0a04d9cbe0931","timestamp":"2025-08-01 00:57:01"}
{"level":"info","message":"Checking 0 running sessions for completion","service":"instagram-scraper","timestamp":"2025-08-01 00:57:10"}
{"level":"info","message":"Checking 0 running sessions for completion","service":"instagram-scraper","timestamp":"2025-08-01 00:57:20"}
{"level":"info","message":"Socket disconnected: -R72h1uXi6r_BbLmAAAQ","service":"instagram-scraper","timestamp":"2025-08-01 00:57:33"}
{"level":"info","message":"Checking 0 running sessions for completion","service":"instagram-scraper","timestamp":"2025-08-01 00:57:33"}
{"level":"info","message":"New socket connection: jXZSZpC1WdBdcfNgAAAV","service":"instagram-scraper","timestamp":"2025-08-01 00:57:34"}
{"level":"info","message":"Socket jXZSZpC1WdBdcfNgAAAV unsubscribed from session 688bbc05b0c0a04d9cbe0931","service":"instagram-scraper","timestamp":"2025-08-01 00:57:34"}
{"level":"info","message":"Socket jXZSZpC1WdBdcfNgAAAV subscribed to session 688bbc05b0c0a04d9cbe0931","service":"instagram-scraper","timestamp":"2025-08-01 00:57:34"}
{"level":"info","message":"Socket disconnected: jXZSZpC1WdBdcfNgAAAV","service":"instagram-scraper","timestamp":"2025-08-01 00:57:39"}
{"level":"info","message":"New socket connection: FaCiSewXYnzcdg8WAAAX","service":"instagram-scraper","timestamp":"2025-08-01 00:57:40"}
{"level":"info","message":"Socket FaCiSewXYnzcdg8WAAAX subscribed to session 688bbc05b0c0a04d9cbe0931","service":"instagram-scraper","timestamp":"2025-08-01 00:57:40"}
{"level":"info","message":"Checking 0 running sessions for completion","service":"instagram-scraper","timestamp":"2025-08-01 00:57:56"}
{"level":"info","message":"Sample root profile metadata:","metadata":{"apifyRunId":"460342334","dataVersion":"1.0","error":{},"igtvCount":0,"postsCount":12,"processingTime":0.132,"relatedProfilesCount":0,"scrapingSource":"apify"},"service":"instagram-scraper","timestamp":"2025-08-01 00:57:57","username":"mary.katee_"}
{"level":"info","message":"Checking 0 running sessions for completion","service":"instagram-scraper","timestamp":"2025-08-01 00:57:58"}
{"level":"info","message":"Sample root profile metadata:","metadata":{"apifyRunId":"460342334","dataVersion":"1.0","error":{},"igtvCount":0,"postsCount":12,"processingTime":0.132,"relatedProfilesCount":0,"scrapingSource":"apify"},"service":"instagram-scraper","timestamp":"2025-08-01 00:57:59","username":"mary.katee_"}
{"level":"info","message":"Root profile aggregation result:","result":"[\n  {\n    \"_id\": \"scraped\",\n    \"count\": 1,\n    \"profiles\": [\n      {\n        \"username\": \"mary.katee_\",\n        \"profileUrl\": \"https://www.instagram.com/mary.katee_\"\n      }\n    ],\n    \"totalRelatedProfilesFound\": 0\n  }\n]","service":"instagram-scraper","sessionId":"688bbc05b0c0a04d9cbe0931","timestamp":"2025-08-01 00:57:59"}
{"level":"info","message":"Root profile aggregation result:","result":"[\n  {\n    \"_id\": \"scraped\",\n    \"count\": 1,\n    \"profiles\": [\n      {\n        \"username\": \"mary.katee_\",\n        \"profileUrl\": \"https://www.instagram.com/mary.katee_\"\n      }\n    ],\n    \"totalRelatedProfilesFound\": 0\n  }\n]","service":"instagram-scraper","sessionId":"688bbc05b0c0a04d9cbe0931","timestamp":"2025-08-01 00:58:00"}
{"level":"info","message":"Checking 0 running sessions for completion","service":"instagram-scraper","timestamp":"2025-08-01 00:58:01"}
{"level":"info","message":"Checking 0 running sessions for completion","service":"instagram-scraper","timestamp":"2025-08-01 00:58:10"}
{"level":"info","message":"Checking 0 running sessions for completion","service":"instagram-scraper","timestamp":"2025-08-01 00:58:20"}
{"level":"info","message":"Checking 0 running sessions for completion","service":"instagram-scraper","timestamp":"2025-08-01 00:58:30"}
{"level":"info","message":"Checking 0 running sessions for completion","service":"instagram-scraper","timestamp":"2025-08-01 00:58:40"}
{"level":"info","message":"Checking 0 running sessions for completion","service":"instagram-scraper","timestamp":"2025-08-01 00:58:50"}
{"level":"info","message":"Checking 0 running sessions for completion","service":"instagram-scraper","timestamp":"2025-08-01 00:59:00"}
{"level":"info","message":"Socket disconnected: FaCiSewXYnzcdg8WAAAX","service":"instagram-scraper","timestamp":"2025-08-01 00:59:09"}
{"level":"info","message":"New socket connection: mQMDEGcoDuoy2Zf6AAAZ","service":"instagram-scraper","timestamp":"2025-08-01 00:59:09"}
{"level":"info","message":"Socket mQMDEGcoDuoy2Zf6AAAZ subscribed to session 688bbc05b0c0a04d9cbe0931","service":"instagram-scraper","timestamp":"2025-08-01 00:59:09"}
{"level":"info","message":"Checking 0 running sessions for completion","service":"instagram-scraper","timestamp":"2025-08-01 00:59:17"}
{"level":"info","message":"Sample root profile metadata:","metadata":{"apifyRunId":"460342334","dataVersion":"1.0","error":{},"igtvCount":0,"postsCount":12,"processingTime":0.132,"relatedProfilesCount":0,"scrapingSource":"apify"},"service":"instagram-scraper","timestamp":"2025-08-01 00:59:18","username":"mary.katee_"}
{"level":"info","message":"Root profile aggregation result:","result":"[\n  {\n    \"_id\": \"scraped\",\n    \"count\": 1,\n    \"profiles\": [\n      {\n        \"username\": \"mary.katee_\",\n        \"profileUrl\": \"https://www.instagram.com/mary.katee_\"\n      }\n    ],\n    \"totalRelatedProfilesFound\": 0\n  }\n]","service":"instagram-scraper","sessionId":"688bbc05b0c0a04d9cbe0931","timestamp":"2025-08-01 00:59:19"}
{"level":"info","message":"Checking 0 running sessions for completion","service":"instagram-scraper","timestamp":"2025-08-01 00:59:20"}
{"level":"info","message":"Validating session ID: 688bbc05b0c0a04d9cbe0931","service":"instagram-scraper","timestamp":"2025-08-01 00:59:31"}
{"level":"info","message":"Checking 0 running sessions for completion","service":"instagram-scraper","timestamp":"2025-08-01 00:59:40"}
{"level":"info","message":"Socket mQMDEGcoDuoy2Zf6AAAZ unsubscribed from session 688bbc05b0c0a04d9cbe0931","service":"instagram-scraper","timestamp":"2025-08-01 00:59:51"}
{"level":"info","message":"Socket mQMDEGcoDuoy2Zf6AAAZ subscribed to session 688bbc05b0c0a04d9cbe0931","service":"instagram-scraper","timestamp":"2025-08-01 00:59:51"}
{"level":"info","message":"Socket disconnected: mQMDEGcoDuoy2Zf6AAAZ","service":"instagram-scraper","timestamp":"2025-08-01 00:59:57"}
{"level":"info","message":"New socket connection: cVyFH-2R2xbpl2l-AAAb","service":"instagram-scraper","timestamp":"2025-08-01 00:59:58"}
{"level":"info","message":"Socket cVyFH-2R2xbpl2l-AAAb subscribed to session 688bbc05b0c0a04d9cbe0931","service":"instagram-scraper","timestamp":"2025-08-01 00:59:58"}
{"level":"info","message":"Socket cVyFH-2R2xbpl2l-AAAb unsubscribed from session 688bbc05b0c0a04d9cbe0931","service":"instagram-scraper","timestamp":"2025-08-01 00:59:58"}
{"level":"info","message":"Socket cVyFH-2R2xbpl2l-AAAb subscribed to session 688bbc05b0c0a04d9cbe0931","service":"instagram-scraper","timestamp":"2025-08-01 00:59:58"}
{"level":"info","message":"Checking 0 running sessions for completion","service":"instagram-scraper","timestamp":"2025-08-01 01:00:06"}
{"level":"error","message":"Error fetching sessions for dashboard: Cannot read properties of null (reading 'toObject')","service":"instagram-scraper","stack":"TypeError: Cannot read properties of null (reading 'toObject')\n    at C:\\Users\\Asraful\\Desktop\\scraper system\\backend\\src\\controllers\\dashboardController.js:48:52\n    at process.processTicksAndRejections (node:internal/process/task_queues:105:5)\n    at async Promise.all (index 0)\n    at async getAllSessionsWithStats (C:\\Users\\Asraful\\Desktop\\scraper system\\backend\\src\\controllers\\dashboardController.js:42:39)","timestamp":"2025-08-01 01:00:07"}
{"error":{},"ip":"::ffff:127.0.0.1","level":"error","message":"Cannot read properties of null (reading 'toObject')","method":"GET","service":"instagram-scraper","stack":"TypeError: Cannot read properties of null (reading 'toObject')\n    at C:\\Users\\Asraful\\Desktop\\scraper system\\backend\\src\\controllers\\dashboardController.js:48:52\n    at process.processTicksAndRejections (node:internal/process/task_queues:105:5)\n    at async Promise.all (index 0)\n    at async getAllSessionsWithStats (C:\\Users\\Asraful\\Desktop\\scraper system\\backend\\src\\controllers\\dashboardController.js:42:39)","timestamp":"2025-08-01 01:00:07","url":"/api/dashboard/sessions?limit=1000"}
{"level":"info","message":"Checking 0 running sessions for completion","service":"instagram-scraper","timestamp":"2025-08-01 01:00:08"}
{"level":"info","message":"Checking 0 running sessions for completion","service":"instagram-scraper","timestamp":"2025-08-01 01:00:09"}
{"level":"error","message":"Error fetching sessions for dashboard: Cannot read properties of null (reading 'toObject')","service":"instagram-scraper","stack":"TypeError: Cannot read properties of null (reading 'toObject')\n    at C:\\Users\\Asraful\\Desktop\\scraper system\\backend\\src\\controllers\\dashboardController.js:48:52\n    at process.processTicksAndRejections (node:internal/process/task_queues:105:5)\n    at async Promise.all (index 0)\n    at async getAllSessionsWithStats (C:\\Users\\Asraful\\Desktop\\scraper system\\backend\\src\\controllers\\dashboardController.js:42:39)","timestamp":"2025-08-01 01:00:09"}
{"error":{},"ip":"::ffff:127.0.0.1","level":"error","message":"Cannot read properties of null (reading 'toObject')","method":"GET","service":"instagram-scraper","stack":"TypeError: Cannot read properties of null (reading 'toObject')\n    at C:\\Users\\Asraful\\Desktop\\scraper system\\backend\\src\\controllers\\dashboardController.js:48:52\n    at process.processTicksAndRejections (node:internal/process/task_queues:105:5)\n    at async Promise.all (index 0)\n    at async getAllSessionsWithStats (C:\\Users\\Asraful\\Desktop\\scraper system\\backend\\src\\controllers\\dashboardController.js:42:39)","timestamp":"2025-08-01 01:00:09","url":"/api/dashboard/sessions?limit=1000"}
{"level":"error","message":"Failed to get session analysis stats: Session not found","service":"instagram-scraper","stack":"Error: Session not found\n    at DepthProgressService.getDetailedProgress (C:\\Users\\Asraful\\Desktop\\scraper system\\backend\\src\\services\\depthProgressService.js:318:19)\n    at process.processTicksAndRejections (node:internal/process/task_queues:105:5)\n    at async getSessionAnalysisStats (C:\\Users\\Asraful\\Desktop\\scraper system\\backend\\src\\queues\\n8nAnalysisQueue.js:240:37)\n    at async C:\\Users\\Asraful\\Desktop\\scraper system\\backend\\src\\routes\\analysis.js:196:19","timestamp":"2025-08-01 01:00:10"}
{"level":"info","message":"Session 688bbc05b0c0a04d9cbe0931 and related data deleted from database","service":"instagram-scraper","timestamp":"2025-08-01 01:00:10"}
{"level":"info","message":"Checking 0 running sessions for completion","service":"instagram-scraper","timestamp":"2025-08-01 01:00:12"}
{"level":"info","message":"Checking 0 running sessions for completion","service":"instagram-scraper","timestamp":"2025-08-01 01:00:20"}
{"level":"info","message":"Socket cVyFH-2R2xbpl2l-AAAb unsubscribed from session 688bbc05b0c0a04d9cbe0931","service":"instagram-scraper","timestamp":"2025-08-01 01:00:22"}
{"level":"info","message":"Socket disconnected: BizcL45-WmBhdR3dAAAT","service":"instagram-scraper","timestamp":"2025-08-01 01:00:25"}
{"level":"info","message":"New socket connection: v-WyVD1rQeHfHoEzAAAd","service":"instagram-scraper","timestamp":"2025-08-01 01:00:26"}
{"level":"info","message":"Checking 0 running sessions for completion","service":"instagram-scraper","timestamp":"2025-08-01 01:00:30"}
{"level":"info","message":"Checking 0 running sessions for completion","service":"instagram-scraper","timestamp":"2025-08-01 01:00:40"}
{"level":"info","message":"Checking 0 running sessions for completion","service":"instagram-scraper","timestamp":"2025-08-01 01:00:50"}
{"level":"info","message":"Checking 0 running sessions for completion","service":"instagram-scraper","timestamp":"2025-08-01 01:01:00"}
{"level":"info","message":"Checking 0 running sessions for completion","service":"instagram-scraper","timestamp":"2025-08-01 01:01:10"}
{"level":"info","message":"Socket disconnected: v-WyVD1rQeHfHoEzAAAd","service":"instagram-scraper","timestamp":"2025-08-01 01:01:12"}
{"level":"info","message":"New socket connection: WkyaqnuZZwd4Xj6KAAAf","service":"instagram-scraper","timestamp":"2025-08-01 01:01:12"}
{"level":"info","message":"Checking 0 running sessions for completion","service":"instagram-scraper","timestamp":"2025-08-01 01:01:20"}
{"level":"info","message":"Checking 0 running sessions for completion","service":"instagram-scraper","timestamp":"2025-08-01 01:01:30"}
{"level":"info","message":"Checking 0 running sessions for completion","service":"instagram-scraper","timestamp":"2025-08-01 01:01:40"}
{"level":"info","message":"Checking 0 running sessions for completion","service":"instagram-scraper","timestamp":"2025-08-01 01:01:50"}
{"level":"info","message":"Socket disconnected: cVyFH-2R2xbpl2l-AAAb","service":"instagram-scraper","timestamp":"2025-08-01 01:01:52"}
{"level":"info","message":"Socket disconnected: WkyaqnuZZwd4Xj6KAAAf","service":"instagram-scraper","timestamp":"2025-08-01 01:01:52"}
{"level":"info","message":"New socket connection: uPLemhn9NqWOdTdyAAAi","service":"instagram-scraper","timestamp":"2025-08-01 01:01:53"}
{"level":"info","message":"New socket connection: phj64gPSYpptK7p-AAAj","service":"instagram-scraper","timestamp":"2025-08-01 01:01:53"}
{"level":"info","message":"Checking 0 running sessions for completion","service":"instagram-scraper","timestamp":"2025-08-01 01:02:00"}
{"level":"info","message":"Checking 0 running sessions for completion","service":"instagram-scraper","timestamp":"2025-08-01 01:02:10"}
{"level":"info","message":"Checking 0 running sessions for completion","service":"instagram-scraper","timestamp":"2025-08-01 01:02:20"}
{"level":"info","message":"Socket disconnected: phj64gPSYpptK7p-AAAj","service":"instagram-scraper","timestamp":"2025-08-01 01:02:23"}
{"level":"info","message":"New socket connection: DpwqE90LiuCWvcEUAAAl","service":"instagram-scraper","timestamp":"2025-08-01 01:02:23"}
{"level":"info","message":"Checking 0 running sessions for completion","service":"instagram-scraper","timestamp":"2025-08-01 01:02:30"}
{"level":"info","message":"Socket disconnected: DpwqE90LiuCWvcEUAAAl","service":"instagram-scraper","timestamp":"2025-08-01 01:02:38"}
{"level":"info","message":"New socket connection: 4Af_dlMSSDhr3jHiAAAn","service":"instagram-scraper","timestamp":"2025-08-01 01:02:39"}
{"level":"info","message":"Checking 0 running sessions for completion","service":"instagram-scraper","timestamp":"2025-08-01 01:02:40"}
{"level":"info","message":"Checking 0 running sessions for completion","service":"instagram-scraper","timestamp":"2025-08-01 01:02:50"}
{"level":"info","message":"Checking 0 running sessions for completion","service":"instagram-scraper","timestamp":"2025-08-01 01:03:00"}
{"level":"info","message":"Checking 0 running sessions for completion","service":"instagram-scraper","timestamp":"2025-08-01 01:03:10"}
{"level":"info","message":"Checking 0 running sessions for completion","service":"instagram-scraper","timestamp":"2025-08-01 01:03:20"}
{"level":"info","message":"Checking 0 running sessions for completion","service":"instagram-scraper","timestamp":"2025-08-01 01:03:30"}
{"level":"info","message":"Checking 0 running sessions for completion","service":"instagram-scraper","timestamp":"2025-08-01 01:03:40"}
{"level":"info","message":"Checking 0 running sessions for completion","service":"instagram-scraper","timestamp":"2025-08-01 01:03:50"}
{"level":"info","message":"Checking 0 running sessions for completion","service":"instagram-scraper","timestamp":"2025-08-01 01:04:00"}
{"level":"info","message":"Checking 0 running sessions for completion","service":"instagram-scraper","timestamp":"2025-08-01 01:04:10"}
{"level":"info","message":"Checking 0 running sessions for completion","service":"instagram-scraper","timestamp":"2025-08-01 01:04:20"}
{"level":"info","message":"Checking 0 running sessions for completion","service":"instagram-scraper","timestamp":"2025-08-01 01:04:30"}
{"level":"info","message":"Checking 0 running sessions for completion","service":"instagram-scraper","timestamp":"2025-08-01 01:04:40"}
{"level":"info","message":"Checking 0 running sessions for completion","service":"instagram-scraper","timestamp":"2025-08-01 01:04:50"}
{"level":"info","message":"Checking 0 running sessions for completion","service":"instagram-scraper","timestamp":"2025-08-01 01:05:00"}
{"level":"info","message":"Checking 0 running sessions for completion","service":"instagram-scraper","timestamp":"2025-08-01 01:05:10"}
{"level":"info","message":"Checking 0 running sessions for completion","service":"instagram-scraper","timestamp":"2025-08-01 01:05:20"}
{"level":"info","message":"Checking 0 running sessions for completion","service":"instagram-scraper","timestamp":"2025-08-01 01:05:30"}
{"level":"info","message":"Checking 0 running sessions for completion","service":"instagram-scraper","timestamp":"2025-08-01 01:05:40"}
{"level":"info","message":"Checking 0 running sessions for completion","service":"instagram-scraper","timestamp":"2025-08-01 01:05:50"}
{"level":"info","message":"Using Redis URL configuration for redis-14711.c16.us-east-1-2.ec2.redns.redis-cloud.com:14711","service":"instagram-scraper","timestamp":"2025-08-01 01:06:02"}
{"level":"info","message":"Created shared Redis clients for Bull queues","service":"instagram-scraper","timestamp":"2025-08-01 01:06:02"}
{"level":"info","message":"Cloudflare R2 configuration detected","service":"instagram-scraper","timestamp":"2025-08-01 01:06:02"}
{"level":"info","message":"Cloudflare R2 client initialized successfully","service":"instagram-scraper","timestamp":"2025-08-01 01:06:02"}
{"level":"info","message":"Cloudflare CDN conversion enabled","service":"instagram-scraper","timestamp":"2025-08-01 01:06:02"}
{"level":"info","message":"N8nWebhookService initialized","retryAttempts":3,"retryDelay":5000,"service":"instagram-scraper","timestamp":"2025-08-01 01:06:03","webhookUrl":"https://evoked.app.n8n.cloud/webhook/analysed-data"}
{"level":"info","message":"Shared Redis client connected for Bull queues","service":"instagram-scraper","timestamp":"2025-08-01 01:06:04"}
{"level":"info","message":"MongoDB connected successfully","service":"instagram-scraper","timestamp":"2025-08-01 01:06:05"}
{"level":"info","message":"Redis client connected","service":"instagram-scraper","timestamp":"2025-08-01 01:06:06"}
{"level":"info","message":"Redis client ready","service":"instagram-scraper","timestamp":"2025-08-01 01:06:06"}
{"level":"info","message":"Connected to Redis at redis-14711.c16.us-east-1-2.ec2.redns.redis-cloud.com:14711","service":"instagram-scraper","timestamp":"2025-08-01 01:06:06"}
{"level":"info","message":"Redis connection verified with PING","service":"instagram-scraper","timestamp":"2025-08-01 01:06:06"}
{"level":"info","message":"Initializing queue processors...","service":"instagram-scraper","timestamp":"2025-08-01 01:06:06"}
{"level":"info","message":"Root profile queue processor initialized","service":"instagram-scraper","timestamp":"2025-08-01 01:06:06"}
{"level":"info","message":"Related profile queue processor initialized","service":"instagram-scraper","timestamp":"2025-08-01 01:06:06"}
{"level":"info","message":"Depth processing queue processor initialized","service":"instagram-scraper","timestamp":"2025-08-01 01:06:06"}
{"level":"info","message":"Related profile batch queue processor initialized","service":"instagram-scraper","timestamp":"2025-08-01 01:06:06"}
{"level":"info","message":"Analysis will be processed through n8n webhook","service":"instagram-scraper","timestamp":"2025-08-01 01:06:06"}
{"level":"info","message":"All queue processors initialized successfully","service":"instagram-scraper","timestamp":"2025-08-01 01:06:06"}
{"level":"info","message":"Socket.IO server initialized","service":"instagram-scraper","timestamp":"2025-08-01 01:06:06"}
{"level":"info","message":"Session completion checker started","service":"instagram-scraper","timestamp":"2025-08-01 01:06:06"}
{"level":"info","message":"Server is running on port 5000","service":"instagram-scraper","timestamp":"2025-08-01 01:06:06"}
{"level":"info","message":"Environment: development","service":"instagram-scraper","timestamp":"2025-08-01 01:06:06"}
{"level":"info","message":"Socket.IO server initialized","service":"instagram-scraper","timestamp":"2025-08-01 01:06:06"}
{"level":"info","message":"New socket connection: r615_jTxYNI6HslWAAAB","service":"instagram-scraper","timestamp":"2025-08-01 01:06:06"}
{"level":"info","message":"New socket connection: hmkJkt-nCAwhpUeuAAAD","service":"instagram-scraper","timestamp":"2025-08-01 01:06:07"}
{"level":"info","message":"New socket connection: gPhlO_NBD8BQUpwwAAAF","service":"instagram-scraper","timestamp":"2025-08-01 01:06:10"}
{"level":"info","message":"Socket gPhlO_NBD8BQUpwwAAAF unsubscribed from session 688bb09dcb3fc366e3af7bed","service":"instagram-scraper","timestamp":"2025-08-01 01:06:10"}
{"level":"info","message":"Socket gPhlO_NBD8BQUpwwAAAF subscribed to session 688bb09dcb3fc366e3af7bed","service":"instagram-scraper","timestamp":"2025-08-01 01:06:10"}
{"level":"info","message":"Checking 0 running sessions for completion","service":"instagram-scraper","timestamp":"2025-08-01 01:06:17"}
{"level":"info","message":"Socket disconnected: hmkJkt-nCAwhpUeuAAAD","service":"instagram-scraper","timestamp":"2025-08-01 01:06:20"}
{"level":"info","message":"New socket connection: skwBJkfYB7o8_zeUAAAH","service":"instagram-scraper","timestamp":"2025-08-01 01:06:20"}
{"level":"info","message":"Checking 0 running sessions for completion","service":"instagram-scraper","timestamp":"2025-08-01 01:06:27"}
{"level":"info","message":"Socket disconnected: skwBJkfYB7o8_zeUAAAH","service":"instagram-scraper","timestamp":"2025-08-01 01:06:27"}
{"level":"info","message":"New socket connection: 5jTowoVO-KNYMN4LAAAJ","service":"instagram-scraper","timestamp":"2025-08-01 01:06:28"}
{"level":"info","message":"Socket disconnected: 5jTowoVO-KNYMN4LAAAJ","service":"instagram-scraper","timestamp":"2025-08-01 01:06:29"}
{"level":"info","message":"New socket connection: qzxoWSejZzVKW7f3AAAL","service":"instagram-scraper","timestamp":"2025-08-01 01:06:29"}
{"level":"info","message":"Checking 0 running sessions for completion","service":"instagram-scraper","timestamp":"2025-08-01 01:06:37"}
{"level":"info","message":"Checking 0 running sessions for completion","service":"instagram-scraper","timestamp":"2025-08-01 01:06:47"}
{"level":"info","message":"Checking 0 running sessions for completion","service":"instagram-scraper","timestamp":"2025-08-01 01:06:57"}
{"level":"info","message":"Socket disconnected: qzxoWSejZzVKW7f3AAAL","service":"instagram-scraper","timestamp":"2025-08-01 01:06:59"}
{"level":"info","message":"Checking 0 running sessions for completion","service":"instagram-scraper","timestamp":"2025-08-01 01:07:07"}
{"level":"info","message":"Checking 0 running sessions for completion","service":"instagram-scraper","timestamp":"2025-08-01 01:07:17"}
{"level":"info","message":"Checking 0 running sessions for completion","service":"instagram-scraper","timestamp":"2025-08-01 01:07:27"}
{"level":"info","message":"Checking 0 running sessions for completion","service":"instagram-scraper","timestamp":"2025-08-01 01:07:37"}
{"level":"info","message":"Checking 0 running sessions for completion","service":"instagram-scraper","timestamp":"2025-08-01 01:07:47"}
{"level":"info","message":"Checking 0 running sessions for completion","service":"instagram-scraper","timestamp":"2025-08-01 01:07:57"}
{"level":"info","message":"Checking 0 running sessions for completion","service":"instagram-scraper","timestamp":"2025-08-01 01:08:07"}
{"level":"info","message":"Checking 0 running sessions for completion","service":"instagram-scraper","timestamp":"2025-08-01 01:08:17"}
{"level":"info","message":"Checking 0 running sessions for completion","service":"instagram-scraper","timestamp":"2025-08-01 01:08:27"}
{"level":"info","message":"Checking 0 running sessions for completion","service":"instagram-scraper","timestamp":"2025-08-01 01:08:37"}
{"level":"info","message":"Checking 0 running sessions for completion","service":"instagram-scraper","timestamp":"2025-08-01 01:08:47"}
{"level":"info","message":"Checking 0 running sessions for completion","service":"instagram-scraper","timestamp":"2025-08-01 01:08:57"}
{"level":"info","message":"Checking 0 running sessions for completion","service":"instagram-scraper","timestamp":"2025-08-01 01:09:07"}
{"level":"info","message":"Checking 0 running sessions for completion","service":"instagram-scraper","timestamp":"2025-08-01 01:09:17"}
{"level":"info","message":"Checking 0 running sessions for completion","service":"instagram-scraper","timestamp":"2025-08-01 01:09:27"}
{"level":"info","message":"Socket disconnected: r615_jTxYNI6HslWAAAB","service":"instagram-scraper","timestamp":"2025-08-01 01:09:29"}
{"level":"info","message":"New socket connection: 0WkUkazeftdkNV_fAAAN","service":"instagram-scraper","timestamp":"2025-08-01 01:09:29"}
{"level":"info","message":"Checking 0 running sessions for completion","service":"instagram-scraper","timestamp":"2025-08-01 01:09:37"}
{"level":"info","message":"Checking 0 running sessions for completion","service":"instagram-scraper","timestamp":"2025-08-01 01:09:47"}
{"level":"info","message":"Checking 0 running sessions for completion","service":"instagram-scraper","timestamp":"2025-08-01 01:09:57"}
{"level":"info","message":"Checking 0 running sessions for completion","service":"instagram-scraper","timestamp":"2025-08-01 01:10:07"}
{"level":"info","message":"Checking 0 running sessions for completion","service":"instagram-scraper","timestamp":"2025-08-01 01:10:17"}
{"level":"info","message":"Checking 0 running sessions for completion","service":"instagram-scraper","timestamp":"2025-08-01 01:10:27"}
{"level":"info","message":"Checking 0 running sessions for completion","service":"instagram-scraper","timestamp":"2025-08-01 01:10:37"}
{"level":"info","message":"Checking 0 running sessions for completion","service":"instagram-scraper","timestamp":"2025-08-01 01:10:47"}
{"level":"info","message":"Checking 0 running sessions for completion","service":"instagram-scraper","timestamp":"2025-08-01 01:10:57"}
{"level":"info","message":"Checking 0 running sessions for completion","service":"instagram-scraper","timestamp":"2025-08-01 01:11:07"}
{"level":"info","message":"Checking 0 running sessions for completion","service":"instagram-scraper","timestamp":"2025-08-01 01:11:17"}
{"level":"info","message":"Checking 0 running sessions for completion","service":"instagram-scraper","timestamp":"2025-08-01 01:11:27"}
{"level":"info","message":"Checking 0 running sessions for completion","service":"instagram-scraper","timestamp":"2025-08-01 01:11:37"}
{"level":"info","message":"Checking 0 running sessions for completion","service":"instagram-scraper","timestamp":"2025-08-01 01:11:47"}
{"level":"info","message":"Checking 0 running sessions for completion","service":"instagram-scraper","timestamp":"2025-08-01 01:11:57"}
{"level":"info","message":"Checking 0 running sessions for completion","service":"instagram-scraper","timestamp":"2025-08-01 01:12:07"}
{"level":"info","message":"Checking 0 running sessions for completion","service":"instagram-scraper","timestamp":"2025-08-01 01:12:17"}
{"level":"info","message":"Checking 0 running sessions for completion","service":"instagram-scraper","timestamp":"2025-08-01 01:12:27"}
{"level":"info","message":"Checking 0 running sessions for completion","service":"instagram-scraper","timestamp":"2025-08-01 01:12:37"}
{"level":"info","message":"Checking 0 running sessions for completion","service":"instagram-scraper","timestamp":"2025-08-01 01:12:47"}
{"level":"info","message":"Checking 0 running sessions for completion","service":"instagram-scraper","timestamp":"2025-08-01 01:12:57"}
{"level":"info","message":"Checking 0 running sessions for completion","service":"instagram-scraper","timestamp":"2025-08-01 01:13:07"}
{"level":"info","message":"Checking 0 running sessions for completion","service":"instagram-scraper","timestamp":"2025-08-01 01:13:17"}
{"level":"info","message":"Checking 0 running sessions for completion","service":"instagram-scraper","timestamp":"2025-08-01 01:13:27"}
{"level":"info","message":"Checking 0 running sessions for completion","service":"instagram-scraper","timestamp":"2025-08-01 01:13:37"}
{"level":"info","message":"Checking 0 running sessions for completion","service":"instagram-scraper","timestamp":"2025-08-01 01:13:47"}
{"level":"info","message":"Checking 0 running sessions for completion","service":"instagram-scraper","timestamp":"2025-08-01 01:13:57"}
{"level":"info","message":"Checking 0 running sessions for completion","service":"instagram-scraper","timestamp":"2025-08-01 01:14:07"}
{"level":"info","message":"Checking 0 running sessions for completion","service":"instagram-scraper","timestamp":"2025-08-01 01:14:17"}
{"level":"info","message":"Checking 0 running sessions for completion","service":"instagram-scraper","timestamp":"2025-08-01 01:14:27"}
{"level":"info","message":"Checking 0 running sessions for completion","service":"instagram-scraper","timestamp":"2025-08-01 01:14:37"}
{"level":"info","message":"Checking 0 running sessions for completion","service":"instagram-scraper","timestamp":"2025-08-01 01:14:47"}
{"level":"info","message":"Checking 0 running sessions for completion","service":"instagram-scraper","timestamp":"2025-08-01 01:14:57"}
{"level":"info","message":"Checking 0 running sessions for completion","service":"instagram-scraper","timestamp":"2025-08-01 01:15:07"}
{"level":"info","message":"Checking 0 running sessions for completion","service":"instagram-scraper","timestamp":"2025-08-01 01:15:17"}
{"level":"info","message":"Checking 0 running sessions for completion","service":"instagram-scraper","timestamp":"2025-08-01 01:15:27"}
{"level":"info","message":"Checking 0 running sessions for completion","service":"instagram-scraper","timestamp":"2025-08-01 01:15:37"}
{"level":"info","message":"Checking 0 running sessions for completion","service":"instagram-scraper","timestamp":"2025-08-01 01:15:47"}
{"level":"info","message":"Checking 0 running sessions for completion","service":"instagram-scraper","timestamp":"2025-08-01 01:15:57"}
{"level":"info","message":"Checking 0 running sessions for completion","service":"instagram-scraper","timestamp":"2025-08-01 01:16:07"}
{"level":"info","message":"Checking 0 running sessions for completion","service":"instagram-scraper","timestamp":"2025-08-01 01:16:17"}
{"level":"info","message":"Checking 0 running sessions for completion","service":"instagram-scraper","timestamp":"2025-08-01 01:16:27"}
{"level":"info","message":"Checking 0 running sessions for completion","service":"instagram-scraper","timestamp":"2025-08-01 01:16:37"}
{"level":"info","message":"Checking 0 running sessions for completion","service":"instagram-scraper","timestamp":"2025-08-01 01:16:47"}
{"level":"info","message":"Checking 0 running sessions for completion","service":"instagram-scraper","timestamp":"2025-08-01 01:16:57"}
{"level":"info","message":"Checking 0 running sessions for completion","service":"instagram-scraper","timestamp":"2025-08-01 01:17:07"}
{"level":"info","message":"Checking 0 running sessions for completion","service":"instagram-scraper","timestamp":"2025-08-01 01:17:17"}
{"level":"info","message":"Checking 0 running sessions for completion","service":"instagram-scraper","timestamp":"2025-08-01 01:17:27"}
{"level":"info","message":"Checking 0 running sessions for completion","service":"instagram-scraper","timestamp":"2025-08-01 01:17:37"}
{"level":"info","message":"New socket connection: nIUC3cX7QwCJgAw5AAAP","service":"instagram-scraper","timestamp":"2025-08-01 01:17:45"}
{"level":"info","message":"Checking 0 running sessions for completion","service":"instagram-scraper","timestamp":"2025-08-01 01:17:47"}
{"level":"info","message":"Socket disconnected: 0WkUkazeftdkNV_fAAAN","service":"instagram-scraper","timestamp":"2025-08-01 01:17:53"}
{"level":"info","message":"New socket connection: mw978TiSzsw7AAbqAAAR","service":"instagram-scraper","timestamp":"2025-08-01 01:17:54"}
{"level":"info","message":"Socket disconnected: mw978TiSzsw7AAbqAAAR","service":"instagram-scraper","timestamp":"2025-08-01 01:17:56"}
{"level":"info","message":"New socket connection: sJ05UaZ7kRiBQPKMAAAT","service":"instagram-scraper","timestamp":"2025-08-01 01:17:56"}
{"level":"info","message":"Checking 0 running sessions for completion","service":"instagram-scraper","timestamp":"2025-08-01 01:17:57"}
{"level":"info","message":"Checking 0 running sessions for completion","service":"instagram-scraper","timestamp":"2025-08-01 01:18:07"}
{"level":"info","message":"Checking 0 running sessions for completion","service":"instagram-scraper","timestamp":"2025-08-01 01:18:17"}
{"level":"info","message":"Checking 0 running sessions for completion","service":"instagram-scraper","timestamp":"2025-08-01 01:18:27"}
{"level":"info","message":"Checking 0 running sessions for completion","service":"instagram-scraper","timestamp":"2025-08-01 01:18:37"}
{"level":"info","message":"Checking 0 running sessions for completion","service":"instagram-scraper","timestamp":"2025-08-01 01:18:47"}
{"level":"info","message":"Checking 0 running sessions for completion","service":"instagram-scraper","timestamp":"2025-08-01 01:18:57"}
{"level":"info","message":"Checking 0 running sessions for completion","service":"instagram-scraper","timestamp":"2025-08-01 01:19:07"}
{"level":"info","message":"Checking 0 running sessions for completion","service":"instagram-scraper","timestamp":"2025-08-01 01:19:17"}
{"level":"info","message":"Checking 0 running sessions for completion","service":"instagram-scraper","timestamp":"2025-08-01 01:19:27"}
{"level":"info","message":"Checking 0 running sessions for completion","service":"instagram-scraper","timestamp":"2025-08-01 01:19:37"}
{"level":"info","message":"Checking 0 running sessions for completion","service":"instagram-scraper","timestamp":"2025-08-01 01:19:47"}
{"level":"info","message":"Checking 0 running sessions for completion","service":"instagram-scraper","timestamp":"2025-08-01 01:19:57"}
{"level":"info","message":"Checking 0 running sessions for completion","service":"instagram-scraper","timestamp":"2025-08-01 01:20:07"}
{"level":"info","message":"Checking 0 running sessions for completion","service":"instagram-scraper","timestamp":"2025-08-01 01:20:17"}
{"level":"info","message":"Checking 0 running sessions for completion","service":"instagram-scraper","timestamp":"2025-08-01 01:20:27"}
{"level":"info","message":"Checking 0 running sessions for completion","service":"instagram-scraper","timestamp":"2025-08-01 01:20:37"}
{"level":"info","message":"Checking 0 running sessions for completion","service":"instagram-scraper","timestamp":"2025-08-01 01:20:47"}
{"level":"info","message":"Checking 0 running sessions for completion","service":"instagram-scraper","timestamp":"2025-08-01 01:20:57"}
{"level":"info","message":"Session validation passed for: test for real","service":"instagram-scraper","timestamp":"2025-08-01 01:21:02"}
{"level":"info","message":"Session created: test for real - Total: 1, New: 1, Existing: 0","service":"instagram-scraper","timestamp":"2025-08-01 01:21:03"}
{"level":"info","message":"Validating session ID: 688bc21e48aabd467007b9ad","service":"instagram-scraper","timestamp":"2025-08-01 01:21:03"}
{"level":"info","message":"Starting queued batch processing for session 688bc21e48aabd467007b9ad","service":"instagram-scraper","timestamp":"2025-08-01 01:21:03"}
{"level":"info","message":"Starting queued batch processing for session 688bc21e48aabd467007b9ad","priority":1,"service":"instagram-scraper","timestamp":"2025-08-01 01:21:03","totalProfiles":1}
{"existing":0,"level":"info","message":"Session 688bc21e48aabd467007b9ad profile check:","service":"instagram-scraper","timestamp":"2025-08-01 01:21:03","toQueue":1,"total":1}
{"level":"info","message":"1 jobs added to rootProfileQueue","service":"instagram-scraper","timestamp":"2025-08-01 01:21:04"}
{"level":"info","message":"Queued 1 new root profile jobs + 0 existing profiles for related extraction","service":"instagram-scraper","timestamp":"2025-08-01 01:21:04"}
{"level":"info","message":"Checking 1 running sessions for completion","service":"instagram-scraper","timestamp":"2025-08-01 01:21:07"}
{"level":"info","message":"Socket sJ05UaZ7kRiBQPKMAAAT subscribed to session 688bc21e48aabd467007b9ad","service":"instagram-scraper","timestamp":"2025-08-01 01:21:08"}
{"level":"info","message":"Socket sJ05UaZ7kRiBQPKMAAAT unsubscribed from session 688bc21e48aabd467007b9ad","service":"instagram-scraper","timestamp":"2025-08-01 01:21:08"}
{"level":"info","message":"Socket sJ05UaZ7kRiBQPKMAAAT subscribed to session 688bc21e48aabd467007b9ad","service":"instagram-scraper","timestamp":"2025-08-01 01:21:08"}
{"level":"info","message":"Root profile aggregation result:","result":"[\n  {\n    \"_id\": \"pending\",\n    \"count\": 1,\n    \"profiles\": [\n      {\n        \"username\": \"mary.katee_\",\n        \"profileUrl\": \"https://www.instagram.com/mary.katee_\"\n      }\n    ],\n    \"totalRelatedProfilesFound\": 0\n  }\n]","service":"instagram-scraper","sessionId":"688bc21e48aabd467007b9ad","timestamp":"2025-08-01 01:21:09"}
{"level":"info","message":"Root profile aggregation result:","result":"[\n  {\n    \"_id\": \"pending\",\n    \"count\": 1,\n    \"profiles\": [\n      {\n        \"username\": \"mary.katee_\",\n        \"profileUrl\": \"https://www.instagram.com/mary.katee_\"\n      }\n    ],\n    \"totalRelatedProfilesFound\": 0\n  }\n]","service":"instagram-scraper","sessionId":"688bc21e48aabd467007b9ad","timestamp":"2025-08-01 01:21:09"}
{"failed":0,"level":"info","message":"Session 688bc21e48aabd467007b9ad progress: 0%","pending":1,"scraped":0,"service":"instagram-scraper","timestamp":"2025-08-01 01:21:14"}
{"level":"info","message":"Checking 1 running sessions for completion","service":"instagram-scraper","timestamp":"2025-08-01 01:21:17"}
{"failed":0,"level":"info","message":"Session 688bc21e48aabd467007b9ad progress: 0%","pending":1,"scraped":0,"service":"instagram-scraper","timestamp":"2025-08-01 01:21:24"}
{"attempt":1,"level":"info","message":"Processing root profile job 3","profileUrl":"https://www.instagram.com/mary.katee_","service":"instagram-scraper","sessionId":"688bc21e48aabd467007b9ad","timestamp":"2025-08-01 01:21:26","username":"mary.katee_"}
{"level":"info","message":"Scraping profile: https://www.instagram.com/mary.katee_ (Attempt 1/3)","service":"instagram-scraper","timestamp":"2025-08-01 01:21:27"}
{"level":"info","message":"Checking 1 running sessions for completion","service":"instagram-scraper","timestamp":"2025-08-01 01:21:27"}
{"failed":0,"level":"info","message":"Session 688bc21e48aabd467007b9ad progress: 0%","pending":1,"scraped":0,"service":"instagram-scraper","timestamp":"2025-08-01 01:21:34"}
{"level":"info","message":"Starting CDN processing for mary.katee_","service":"instagram-scraper","timestamp":"2025-08-01 01:21:36"}
{"level":"info","message":"Processing 2 images for mary.katee_","service":"instagram-scraper","timestamp":"2025-08-01 01:21:36"}
{"level":"info","message":"Processing image for mary.katee_ (attempt 1/3)","service":"instagram-scraper","timestamp":"2025-08-01 01:21:36"}
{"level":"info","message":"Processing image for mary.katee_ (attempt 1/3)","service":"instagram-scraper","timestamp":"2025-08-01 01:21:36"}
{"level":"info","message":"Checking 1 running sessions for completion","service":"instagram-scraper","timestamp":"2025-08-01 01:21:37"}
{"level":"info","message":"Successfully uploaded image to R2: https://pub-20acc51a480e4a9691ed5b1c6b8891a6.r2.dev/instagram-profiles/mary.katee_/d993c048684440423a4119ee31012e77_1753989696785.jpg","service":"instagram-scraper","timestamp":"2025-08-01 01:21:39"}
{"level":"info","message":"Successfully uploaded image to R2: https://pub-20acc51a480e4a9691ed5b1c6b8891a6.r2.dev/instagram-profiles/mary.katee_/ce5630de64a0f2b4445d46388970c2a2_1753989696783.jpg","service":"instagram-scraper","timestamp":"2025-08-01 01:21:39"}
{"level":"info","message":"Successfully converted profilePicUrl to CDN for mary.katee_","service":"instagram-scraper","timestamp":"2025-08-01 01:21:39"}
{"level":"info","message":"Successfully converted profilePicUrlHD to CDN for mary.katee_","service":"instagram-scraper","timestamp":"2025-08-01 01:21:39"}
{"level":"info","message":"CDN processing completed for mary.katee_ in 2424ms","service":"instagram-scraper","timestamp":"2025-08-01 01:21:39"}
{"level":"info","message":"Successfully scraped and saved profile: https://www.instagram.com/mary.katee_","service":"instagram-scraper","timestamp":"2025-08-01 01:21:40"}
{"level":"info","message":"Successfully processed root profile mary.katee_","processingTime":15743,"profileId":"688bc21f48aabd467007b9b0","relatedProfilesCount":0,"relatedProfilesQueued":0,"service":"instagram-scraper","timestamp":"2025-08-01 01:21:41"}
{"level":"info","message":"All root profiles processed for session 688bc21e48aabd467007b9ad, checking for completion","service":"instagram-scraper","timestamp":"2025-08-01 01:21:41"}
{"jobId":"3","level":"info","message":"Job 3 completed in rootProfileQueue","processingTime":38394,"queue":"rootProfileQueue","service":"instagram-scraper","timestamp":"2025-08-01 01:21:42"}
{"failed":0,"level":"info","message":"Session 688bc21e48aabd467007b9ad progress: 100%","pending":0,"scraped":1,"service":"instagram-scraper","timestamp":"2025-08-01 01:21:44"}
{"level":"info","message":"Session 688bc21e48aabd467007b9ad monitoring completed","service":"instagram-scraper","timestamp":"2025-08-01 01:21:44"}
{"level":"info","message":"Checking completion status for session 688bc21e48aabd467007b9ad","service":"instagram-scraper","timestamp":"2025-08-01 01:21:46"}
{"level":"info","message":"Checking completion for session 688bc21e48aabd467007b9ad with maxDepth 1","service":"instagram-scraper","timestamp":"2025-08-01 01:21:47"}
{"level":"info","message":"Root profile stats for session 688bc21e48aabd467007b9ad:","scraped":1,"service":"instagram-scraper","timestamp":"2025-08-01 01:21:47"}
{"level":"info","message":"Depth 1 stats for session 688bc21e48aabd467007b9ad:","service":"instagram-scraper","timestamp":"2025-08-01 01:21:47","total":0}
{"level":"info","message":"Checking 1 running sessions for completion","service":"instagram-scraper","timestamp":"2025-08-01 01:21:47"}
{"level":"info","message":"No active jobs found for session 688bc21e48aabd467007b9ad","service":"instagram-scraper","timestamp":"2025-08-01 01:21:49"}
{"level":"info","message":"Session 688bc21e48aabd467007b9ad has analysis disabled, skipping analysis check","service":"instagram-scraper","timestamp":"2025-08-01 01:21:49"}
{"level":"info","message":"Session 688bc21e48aabd467007b9ad is complete!","service":"instagram-scraper","timestamp":"2025-08-01 01:21:49"}
{"level":"info","message":"Session 688bc21e48aabd467007b9ad is complete. Marking as completed.","service":"instagram-scraper","timestamp":"2025-08-01 01:21:49"}
{"level":"error","message":"Error checking session completion for 688bc21e48aabd467007b9ad: socketService.emitSessionUpdate is not a function","service":"instagram-scraper","stack":"TypeError: socketService.emitSessionUpdate is not a function\n    at SessionCompletionService.checkAndUpdateSessionCompletion (C:\\Users\\Asraful\\Desktop\\scraper system\\backend\\src\\services\\sessionCompletionService.js:38:31)\n    at process.processTicksAndRejections (node:internal/process/task_queues:105:5)\n    at async Timeout._onTimeout (C:\\Users\\Asraful\\Desktop\\scraper system\\backend\\src\\queues\\processors\\rootProfileProcessor.js:353:11)","timestamp":"2025-08-01 01:21:49"}
{"level":"info","message":"Checking 0 running sessions for completion","service":"instagram-scraper","timestamp":"2025-08-01 01:21:57"}
{"level":"info","message":"Socket disconnected: sJ05UaZ7kRiBQPKMAAAT","service":"instagram-scraper","timestamp":"2025-08-01 01:22:07"}
{"level":"info","message":"New socket connection: yVE5XmyaQQ1shB_IAAAV","service":"instagram-scraper","timestamp":"2025-08-01 01:22:08"}
{"level":"info","message":"Socket yVE5XmyaQQ1shB_IAAAV subscribed to session 688bc21e48aabd467007b9ad","service":"instagram-scraper","timestamp":"2025-08-01 01:22:08"}
{"level":"info","message":"Socket yVE5XmyaQQ1shB_IAAAV unsubscribed from session 688bc21e48aabd467007b9ad","service":"instagram-scraper","timestamp":"2025-08-01 01:22:08"}
{"level":"info","message":"Socket yVE5XmyaQQ1shB_IAAAV subscribed to session 688bc21e48aabd467007b9ad","service":"instagram-scraper","timestamp":"2025-08-01 01:22:08"}
{"level":"info","message":"Checking 0 running sessions for completion","service":"instagram-scraper","timestamp":"2025-08-01 01:22:17"}
{"level":"info","message":"Checking 0 running sessions for completion","service":"instagram-scraper","timestamp":"2025-08-01 01:22:19"}
{"level":"info","message":"Sample root profile metadata:","metadata":{"apifyRunId":"460342334","dataVersion":"1.0","error":{},"igtvCount":0,"postsCount":12,"processingTime":0.119,"relatedProfilesCount":0,"scrapingSource":"apify"},"service":"instagram-scraper","timestamp":"2025-08-01 01:22:20","username":"mary.katee_"}
{"level":"info","message":"Sample root profile metadata:","metadata":{"apifyRunId":"460342334","dataVersion":"1.0","error":{},"igtvCount":0,"postsCount":12,"processingTime":0.119,"relatedProfilesCount":0,"scrapingSource":"apify"},"service":"instagram-scraper","timestamp":"2025-08-01 01:22:20","username":"mary.katee_"}
{"level":"info","message":"Root profile aggregation result:","result":"[\n  {\n    \"_id\": \"scraped\",\n    \"count\": 1,\n    \"profiles\": [\n      {\n        \"username\": \"mary.katee_\",\n        \"profileUrl\": \"https://www.instagram.com/mary.katee_\"\n      }\n    ],\n    \"totalRelatedProfilesFound\": 0\n  }\n]","service":"instagram-scraper","sessionId":"688bc21e48aabd467007b9ad","timestamp":"2025-08-01 01:22:21"}
{"level":"info","message":"Root profile aggregation result:","result":"[\n  {\n    \"_id\": \"scraped\",\n    \"count\": 1,\n    \"profiles\": [\n      {\n        \"username\": \"mary.katee_\",\n        \"profileUrl\": \"https://www.instagram.com/mary.katee_\"\n      }\n    ],\n    \"totalRelatedProfilesFound\": 0\n  }\n]","service":"instagram-scraper","sessionId":"688bc21e48aabd467007b9ad","timestamp":"2025-08-01 01:22:21"}
{"level":"info","message":"Checking 0 running sessions for completion","service":"instagram-scraper","timestamp":"2025-08-01 01:22:27"}
{"level":"info","message":"Checking 0 running sessions for completion","service":"instagram-scraper","timestamp":"2025-08-01 01:22:37"}
{"level":"info","message":"Checking 0 running sessions for completion","service":"instagram-scraper","timestamp":"2025-08-01 01:22:47"}
{"level":"info","message":"Checking 0 running sessions for completion","service":"instagram-scraper","timestamp":"2025-08-01 01:22:57"}
{"level":"info","message":"Checking 0 running sessions for completion","service":"instagram-scraper","timestamp":"2025-08-01 01:23:07"}
{"level":"info","message":"Checking 0 running sessions for completion","service":"instagram-scraper","timestamp":"2025-08-01 01:23:17"}
{"level":"info","message":"Checking 0 running sessions for completion","service":"instagram-scraper","timestamp":"2025-08-01 01:23:27"}
{"level":"info","message":"Checking 0 running sessions for completion","service":"instagram-scraper","timestamp":"2025-08-01 01:23:37"}
{"level":"info","message":"Socket disconnected: yVE5XmyaQQ1shB_IAAAV","service":"instagram-scraper","timestamp":"2025-08-01 01:23:48"}
{"level":"info","message":"New socket connection: kEkhbf5zRlud1KfLAAAX","service":"instagram-scraper","timestamp":"2025-08-01 01:23:49"}
{"level":"info","message":"Socket kEkhbf5zRlud1KfLAAAX subscribed to session 688bc21e48aabd467007b9ad","service":"instagram-scraper","timestamp":"2025-08-01 01:23:49"}
{"level":"info","message":"Socket kEkhbf5zRlud1KfLAAAX unsubscribed from session 688bc21e48aabd467007b9ad","service":"instagram-scraper","timestamp":"2025-08-01 01:23:49"}
{"level":"info","message":"Socket kEkhbf5zRlud1KfLAAAX subscribed to session 688bc21e48aabd467007b9ad","service":"instagram-scraper","timestamp":"2025-08-01 01:23:49"}
{"level":"info","message":"Checking 0 running sessions for completion","service":"instagram-scraper","timestamp":"2025-08-01 01:23:50"}
{"level":"info","message":"Sample root profile metadata:","metadata":{"apifyRunId":"460342334","dataVersion":"1.0","error":{},"igtvCount":0,"postsCount":12,"processingTime":0.119,"relatedProfilesCount":0,"scrapingSource":"apify"},"service":"instagram-scraper","timestamp":"2025-08-01 01:23:55","username":"mary.katee_"}
{"level":"info","message":"Sample root profile metadata:","metadata":{"apifyRunId":"460342334","dataVersion":"1.0","error":{},"igtvCount":0,"postsCount":12,"processingTime":0.119,"relatedProfilesCount":0,"scrapingSource":"apify"},"service":"instagram-scraper","timestamp":"2025-08-01 01:23:55","username":"mary.katee_"}
{"level":"info","message":"Root profile aggregation result:","result":"[\n  {\n    \"_id\": \"scraped\",\n    \"count\": 1,\n    \"profiles\": [\n      {\n        \"username\": \"mary.katee_\",\n        \"profileUrl\": \"https://www.instagram.com/mary.katee_\"\n      }\n    ],\n    \"totalRelatedProfilesFound\": 0\n  }\n]","service":"instagram-scraper","sessionId":"688bc21e48aabd467007b9ad","timestamp":"2025-08-01 01:23:55"}
{"level":"info","message":"Root profile aggregation result:","result":"[\n  {\n    \"_id\": \"scraped\",\n    \"count\": 1,\n    \"profiles\": [\n      {\n        \"username\": \"mary.katee_\",\n        \"profileUrl\": \"https://www.instagram.com/mary.katee_\"\n      }\n    ],\n    \"totalRelatedProfilesFound\": 0\n  }\n]","service":"instagram-scraper","sessionId":"688bc21e48aabd467007b9ad","timestamp":"2025-08-01 01:23:56"}
{"level":"info","message":"Checking 0 running sessions for completion","service":"instagram-scraper","timestamp":"2025-08-01 01:23:57"}
{"level":"info","message":"Checking 0 running sessions for completion","service":"instagram-scraper","timestamp":"2025-08-01 01:24:07"}
{"level":"info","message":"Checking 0 running sessions for completion","service":"instagram-scraper","timestamp":"2025-08-01 01:24:17"}
{"level":"info","message":"Checking 0 running sessions for completion","service":"instagram-scraper","timestamp":"2025-08-01 01:24:27"}
{"level":"info","message":"Checking 0 running sessions for completion","service":"instagram-scraper","timestamp":"2025-08-01 01:24:37"}
{"level":"info","message":"Checking 0 running sessions for completion","service":"instagram-scraper","timestamp":"2025-08-01 01:24:47"}
{"level":"info","message":"Checking 0 running sessions for completion","service":"instagram-scraper","timestamp":"2025-08-01 01:24:57"}
{"level":"info","message":"Checking 0 running sessions for completion","service":"instagram-scraper","timestamp":"2025-08-01 01:25:07"}
{"level":"info","message":"Checking 0 running sessions for completion","service":"instagram-scraper","timestamp":"2025-08-01 01:25:17"}
{"level":"info","message":"Checking 0 running sessions for completion","service":"instagram-scraper","timestamp":"2025-08-01 01:25:27"}
{"level":"info","message":"Checking 0 running sessions for completion","service":"instagram-scraper","timestamp":"2025-08-01 01:25:37"}
{"level":"info","message":"Checking 0 running sessions for completion","service":"instagram-scraper","timestamp":"2025-08-01 01:25:48"}
{"level":"info","message":"Checking 0 running sessions for completion","service":"instagram-scraper","timestamp":"2025-08-01 01:25:57"}
{"level":"info","message":"Checking 0 running sessions for completion","service":"instagram-scraper","timestamp":"2025-08-01 01:26:07"}
{"level":"info","message":"Checking 0 running sessions for completion","service":"instagram-scraper","timestamp":"2025-08-01 01:26:17"}
{"level":"info","message":"Checking 0 running sessions for completion","service":"instagram-scraper","timestamp":"2025-08-01 01:26:27"}
{"level":"info","message":"Checking 0 running sessions for completion","service":"instagram-scraper","timestamp":"2025-08-01 01:26:37"}
{"level":"info","message":"Checking 0 running sessions for completion","service":"instagram-scraper","timestamp":"2025-08-01 01:26:47"}
{"level":"info","message":"Checking 0 running sessions for completion","service":"instagram-scraper","timestamp":"2025-08-01 01:26:57"}
{"level":"info","message":"Socket kEkhbf5zRlud1KfLAAAX unsubscribed from session 688bc21e48aabd467007b9ad","service":"instagram-scraper","timestamp":"2025-08-01 01:27:06"}
{"level":"info","message":"Socket disconnected: kEkhbf5zRlud1KfLAAAX","service":"instagram-scraper","timestamp":"2025-08-01 01:27:13"}
{"level":"info","message":"New socket connection: unLsvEHALu8tcfbQAAAZ","service":"instagram-scraper","timestamp":"2025-08-01 01:27:13"}
{"level":"info","message":"Checking 0 running sessions for completion","service":"instagram-scraper","timestamp":"2025-08-01 01:27:19"}
{"level":"info","message":"Checking 0 running sessions for completion","service":"instagram-scraper","timestamp":"2025-08-01 01:27:20"}
{"level":"info","message":"Checking 0 running sessions for completion","service":"instagram-scraper","timestamp":"2025-08-01 01:27:28"}
{"level":"info","message":"Checking 0 running sessions for completion","service":"instagram-scraper","timestamp":"2025-08-01 01:27:38"}
{"level":"info","message":"Checking 0 running sessions for completion","service":"instagram-scraper","timestamp":"2025-08-01 01:27:48"}
{"level":"info","message":"Checking 0 running sessions for completion","service":"instagram-scraper","timestamp":"2025-08-01 01:27:58"}
{"level":"info","message":"Checking 0 running sessions for completion","service":"instagram-scraper","timestamp":"2025-08-01 01:28:08"}
{"level":"info","message":"Checking 0 running sessions for completion","service":"instagram-scraper","timestamp":"2025-08-01 01:28:18"}
{"level":"info","message":"Session validation passed for: DGV","service":"instagram-scraper","timestamp":"2025-08-01 01:28:23"}
{"level":"info","message":"Session created: DGV - Total: 1, New: 1, Existing: 0","service":"instagram-scraper","timestamp":"2025-08-01 01:28:24"}
{"level":"info","message":"Validating session ID: 688bc3d748aabd467007c7cd","service":"instagram-scraper","timestamp":"2025-08-01 01:28:24"}
{"level":"info","message":"Starting queued batch processing for session 688bc3d748aabd467007c7cd","service":"instagram-scraper","timestamp":"2025-08-01 01:28:24"}
{"level":"info","message":"Starting queued batch processing for session 688bc3d748aabd467007c7cd","priority":1,"service":"instagram-scraper","timestamp":"2025-08-01 01:28:24","totalProfiles":1}
{"existing":0,"level":"info","message":"Session 688bc3d748aabd467007c7cd profile check:","service":"instagram-scraper","timestamp":"2025-08-01 01:28:24","toQueue":1,"total":1}
{"level":"info","message":"1 jobs added to rootProfileQueue","service":"instagram-scraper","timestamp":"2025-08-01 01:28:25"}
{"level":"info","message":"Queued 1 new root profile jobs + 0 existing profiles for related extraction","service":"instagram-scraper","timestamp":"2025-08-01 01:28:25"}
{"level":"info","message":"Checking 1 running sessions for completion","service":"instagram-scraper","timestamp":"2025-08-01 01:28:28"}
{"failed":0,"level":"info","message":"Session 688bc3d748aabd467007c7cd progress: 0%","pending":1,"scraped":0,"service":"instagram-scraper","timestamp":"2025-08-01 01:28:35"}
{"level":"info","message":"Checking 1 running sessions for completion","service":"instagram-scraper","timestamp":"2025-08-01 01:28:38"}
{"failed":0,"level":"info","message":"Session 688bc3d748aabd467007c7cd progress: 100%","pending":0,"scraped":1,"service":"instagram-scraper","timestamp":"2025-08-01 01:28:45"}
{"level":"info","message":"Session 688bc3d748aabd467007c7cd monitoring completed","service":"instagram-scraper","timestamp":"2025-08-01 01:28:45"}
{"level":"info","message":"Checking 1 running sessions for completion","service":"instagram-scraper","timestamp":"2025-08-01 01:28:48"}
{"level":"info","message":"Checking 1 running sessions for completion","service":"instagram-scraper","timestamp":"2025-08-01 01:28:58"}
{"level":"info","message":"Checking 1 running sessions for completion","service":"instagram-scraper","timestamp":"2025-08-01 01:29:08"}
{"level":"info","message":"Checking 1 running sessions for completion","service":"instagram-scraper","timestamp":"2025-08-01 01:29:18"}
{"level":"info","message":"Checking 1 running sessions for completion","service":"instagram-scraper","timestamp":"2025-08-01 01:29:28"}
{"attempt":1,"batchSize":5,"depth":1,"level":"info","message":"Processing related profile batch job 2","service":"instagram-scraper","sessionId":"688bc3d748aabd467007c7cd","timestamp":"2025-08-01 01:29:33"}
{"existing":0,"level":"info","message":"Batch profile check:","service":"instagram-scraper","timestamp":"2025-08-01 01:29:34","toScrape":5,"total":5}
{"level":"info","message":"Scraping batch of 5 new profiles at depth 1","service":"instagram-scraper","timestamp":"2025-08-01 01:29:34"}
{"level":"info","message":"Scraping batch of 5 profiles (Attempt 1/3)","service":"instagram-scraper","timestamp":"2025-08-01 01:29:34"}
{"level":"info","message":"Checking 1 running sessions for completion","service":"instagram-scraper","timestamp":"2025-08-01 01:29:38"}
{"level":"info","message":"Batch scraping completed: 5 successful, 0 failed","service":"instagram-scraper","timestamp":"2025-08-01 01:29:46"}
{"level":"info","message":"Starting CDN processing for alinnarosee","service":"instagram-scraper","timestamp":"2025-08-01 01:29:47"}
{"level":"info","message":"Processing 2 images for alinnarosee","service":"instagram-scraper","timestamp":"2025-08-01 01:29:47"}
{"level":"info","message":"Processing image for alinnarosee (attempt 1/3)","service":"instagram-scraper","timestamp":"2025-08-01 01:29:47"}
{"level":"info","message":"Processing image for alinnarosee (attempt 1/3)","service":"instagram-scraper","timestamp":"2025-08-01 01:29:47"}
{"level":"info","message":"Checking 1 running sessions for completion","service":"instagram-scraper","timestamp":"2025-08-01 01:29:48"}
{"level":"info","message":"Successfully uploaded image to R2: https://pub-20acc51a480e4a9691ed5b1c6b8891a6.r2.dev/instagram-profiles/alinnarosee/e44c95c34dd65bef8229bd14712f97ae_1753990187129.jpg","service":"instagram-scraper","timestamp":"2025-08-01 01:29:49"}
{"level":"info","message":"Successfully uploaded image to R2: https://pub-20acc51a480e4a9691ed5b1c6b8891a6.r2.dev/instagram-profiles/alinnarosee/68194afba0b56441656ad8a3f20c5ebf_1753990187131.jpg","service":"instagram-scraper","timestamp":"2025-08-01 01:29:50"}
{"level":"info","message":"Successfully converted profilePicUrl to CDN for alinnarosee","service":"instagram-scraper","timestamp":"2025-08-01 01:29:50"}
{"level":"info","message":"Successfully converted profilePicUrlHD to CDN for alinnarosee","service":"instagram-scraper","timestamp":"2025-08-01 01:29:50"}
{"level":"info","message":"CDN processing completed for alinnarosee in 2980ms","service":"instagram-scraper","timestamp":"2025-08-01 01:29:50"}
{"depth":1,"jobId":"3","level":"info","message":"Queued profile for n8n analysis: alinnarosee","profileId":"688bc42b48aabd467007c807","service":"instagram-scraper","timestamp":"2025-08-01 01:29:51"}
{"level":"info","message":"Queued profile alinnarosee for n8n analysis","service":"instagram-scraper","timestamp":"2025-08-01 01:29:51"}
{"level":"info","message":"Starting CDN processing for jailyneojeda","service":"instagram-scraper","timestamp":"2025-08-01 01:29:51"}
{"level":"info","message":"Processing 2 images for jailyneojeda","service":"instagram-scraper","timestamp":"2025-08-01 01:29:51"}
{"level":"info","message":"Processing image for jailyneojeda (attempt 1/3)","service":"instagram-scraper","timestamp":"2025-08-01 01:29:51"}
{"level":"info","message":"Processing image for jailyneojeda (attempt 1/3)","service":"instagram-scraper","timestamp":"2025-08-01 01:29:51"}
{"level":"info","message":"Processing profile for n8n analysis: alinnarosee (depth: 1)","service":"instagram-scraper","timestamp":"2025-08-01 01:29:53"}
{"level":"info","message":"Successfully uploaded image to R2: https://pub-20acc51a480e4a9691ed5b1c6b8891a6.r2.dev/instagram-profiles/jailyneojeda/8f4fb09c2243283f874097ba31173bb0_1753990191692.jpg","service":"instagram-scraper","timestamp":"2025-08-01 01:29:54"}
{"level":"info","message":"Successfully uploaded image to R2: https://pub-20acc51a480e4a9691ed5b1c6b8891a6.r2.dev/instagram-profiles/jailyneojeda/ca3d2eda5a4388c75a408f25eb63d801_1753990191693.jpg","service":"instagram-scraper","timestamp":"2025-08-01 01:29:54"}
{"level":"info","message":"Successfully converted profilePicUrl to CDN for jailyneojeda","service":"instagram-scraper","timestamp":"2025-08-01 01:29:54"}
{"level":"info","message":"Successfully converted profilePicUrlHD to CDN for jailyneojeda","service":"instagram-scraper","timestamp":"2025-08-01 01:29:54"}
{"level":"info","message":"CDN processing completed for jailyneojeda in 3214ms","service":"instagram-scraper","timestamp":"2025-08-01 01:29:54"}
{"dataSize":27149,"dataSizeKB":"26.51","level":"info","message":"Sending profile data to n8n webhook: alinnarosee","postsCount":12,"profileId":"688bc42b48aabd467007c807","service":"instagram-scraper","timestamp":"2025-08-01 01:29:56","username":"alinnarosee","webhookUrl":"https://evoked.app.n8n.cloud/webhook/analysed-data"}
{"depth":1,"jobId":"4","level":"info","message":"Queued profile for n8n analysis: jailyneojeda","profileId":"688bc42f48aabd467007c80b","service":"instagram-scraper","timestamp":"2025-08-01 01:29:57"}
{"level":"info","message":"Queued profile jailyneojeda for n8n analysis","service":"instagram-scraper","timestamp":"2025-08-01 01:29:57"}
{"level":"info","message":"Starting CDN processing for sondrablust","service":"instagram-scraper","timestamp":"2025-08-01 01:29:57"}
{"level":"info","message":"Processing 2 images for sondrablust","service":"instagram-scraper","timestamp":"2025-08-01 01:29:57"}
{"level":"info","message":"Processing image for sondrablust (attempt 1/3)","service":"instagram-scraper","timestamp":"2025-08-01 01:29:57"}
{"level":"info","message":"Processing image for sondrablust (attempt 1/3)","service":"instagram-scraper","timestamp":"2025-08-01 01:29:57"}
{"level":"info","message":"Checking 1 running sessions for completion","service":"instagram-scraper","timestamp":"2025-08-01 01:29:58"}
{"level":"info","message":"Successfully uploaded image to R2: https://pub-20acc51a480e4a9691ed5b1c6b8891a6.r2.dev/instagram-profiles/sondrablust/83c72ecc1be84a5728d61ced561c50be_1753990197316.jpg","service":"instagram-scraper","timestamp":"2025-08-01 01:29:59"}
{"level":"info","message":"Successfully uploaded image to R2: https://pub-20acc51a480e4a9691ed5b1c6b8891a6.r2.dev/instagram-profiles/sondrablust/9f09cecb3705fd2d257012d619e04650_1753990197316.jpg","service":"instagram-scraper","timestamp":"2025-08-01 01:29:59"}
{"level":"info","message":"Successfully converted profilePicUrl to CDN for sondrablust","service":"instagram-scraper","timestamp":"2025-08-01 01:29:59"}
{"level":"info","message":"Successfully converted profilePicUrlHD to CDN for sondrablust","service":"instagram-scraper","timestamp":"2025-08-01 01:29:59"}
{"level":"info","message":"CDN processing completed for sondrablust in 2169ms","service":"instagram-scraper","timestamp":"2025-08-01 01:29:59"}
{"depth":1,"jobId":"5","level":"info","message":"Queued profile for n8n analysis: sondrablust","profileId":"688bc43548aabd467007c80f","service":"instagram-scraper","timestamp":"2025-08-01 01:30:01"}
{"level":"info","message":"Queued profile sondrablust for n8n analysis","service":"instagram-scraper","timestamp":"2025-08-01 01:30:01"}
{"level":"info","message":"Starting CDN processing for rashelrm","service":"instagram-scraper","timestamp":"2025-08-01 01:30:01"}
{"level":"info","message":"Processing 2 images for rashelrm","service":"instagram-scraper","timestamp":"2025-08-01 01:30:01"}
{"level":"info","message":"Processing image for rashelrm (attempt 1/3)","service":"instagram-scraper","timestamp":"2025-08-01 01:30:01"}
{"level":"info","message":"Processing image for rashelrm (attempt 1/3)","service":"instagram-scraper","timestamp":"2025-08-01 01:30:01"}
{"level":"info","message":"Successfully uploaded image to R2: https://pub-20acc51a480e4a9691ed5b1c6b8891a6.r2.dev/instagram-profiles/rashelrm/ef4d88edb1c11b35ecb435e201c7170c_1753990201232.jpg","service":"instagram-scraper","timestamp":"2025-08-01 01:30:03"}
{"level":"info","message":"Successfully uploaded image to R2: https://pub-20acc51a480e4a9691ed5b1c6b8891a6.r2.dev/instagram-profiles/rashelrm/3d0d293dbcb8b703678846284aeee974_1753990201233.jpg","service":"instagram-scraper","timestamp":"2025-08-01 01:30:03"}
{"level":"info","message":"Successfully converted profilePicUrl to CDN for rashelrm","service":"instagram-scraper","timestamp":"2025-08-01 01:30:03"}
{"level":"info","message":"Successfully converted profilePicUrlHD to CDN for rashelrm","service":"instagram-scraper","timestamp":"2025-08-01 01:30:03"}
{"level":"info","message":"CDN processing completed for rashelrm in 2752ms","service":"instagram-scraper","timestamp":"2025-08-01 01:30:03"}
{"depth":1,"jobId":"6","level":"info","message":"Queued profile for n8n analysis: rashelrm","profileId":"688bc43948aabd467007c813","service":"instagram-scraper","timestamp":"2025-08-01 01:30:06"}
{"level":"info","message":"Queued profile rashelrm for n8n analysis","service":"instagram-scraper","timestamp":"2025-08-01 01:30:06"}
{"level":"info","message":"Starting CDN processing for marlene31313","service":"instagram-scraper","timestamp":"2025-08-01 01:30:06"}
{"level":"info","message":"Processing 2 images for marlene31313","service":"instagram-scraper","timestamp":"2025-08-01 01:30:06"}
{"level":"info","message":"Processing image for marlene31313 (attempt 1/3)","service":"instagram-scraper","timestamp":"2025-08-01 01:30:06"}
{"level":"info","message":"Processing image for marlene31313 (attempt 1/3)","service":"instagram-scraper","timestamp":"2025-08-01 01:30:06"}
{"level":"info","message":"Checking 1 running sessions for completion","service":"instagram-scraper","timestamp":"2025-08-01 01:30:08"}
{"level":"info","message":"Successfully uploaded image to R2: https://pub-20acc51a480e4a9691ed5b1c6b8891a6.r2.dev/instagram-profiles/marlene31313/c3fbdc93f0ea3125838f1558574f3826_1753990206137.jpg","service":"instagram-scraper","timestamp":"2025-08-01 01:30:08"}
{"level":"info","message":"Successfully uploaded image to R2: https://pub-20acc51a480e4a9691ed5b1c6b8891a6.r2.dev/instagram-profiles/marlene31313/c6f7ee3f083e110de2a74300207e988a_1753990206137.jpg","service":"instagram-scraper","timestamp":"2025-08-01 01:30:08"}
{"level":"info","message":"Successfully converted profilePicUrl to CDN for marlene31313","service":"instagram-scraper","timestamp":"2025-08-01 01:30:08"}
{"level":"info","message":"Successfully converted profilePicUrlHD to CDN for marlene31313","service":"instagram-scraper","timestamp":"2025-08-01 01:30:08"}
{"level":"info","message":"CDN processing completed for marlene31313 in 2801ms","service":"instagram-scraper","timestamp":"2025-08-01 01:30:08"}
{"depth":1,"jobId":"7","level":"info","message":"Queued profile for n8n analysis: marlene31313","profileId":"688bc43e48aabd467007c816","service":"instagram-scraper","timestamp":"2025-08-01 01:30:10"}
{"level":"info","message":"Queued profile marlene31313 for n8n analysis","service":"instagram-scraper","timestamp":"2025-08-01 01:30:10"}
{"batchSize":5,"depth":1,"failed":0,"level":"info","message":"Successfully processed related profile batch","processingTime":37298,"relatedProfilesQueued":0,"service":"instagram-scraper","successful":5,"timestamp":"2025-08-01 01:30:11"}
{"level":"info","message":"Checking session completion for 688bc3d748aabd467007c7cd after batch at depth 1","service":"instagram-scraper","timestamp":"2025-08-01 01:30:11"}
{"jobId":"2","level":"info","message":"Job 2 completed in relatedProfileBatchQueue","processingTime":83707,"queue":"relatedProfileBatchQueue","service":"instagram-scraper","timestamp":"2025-08-01 01:30:11"}
{"level":"info","message":"Checking completion status for session 688bc3d748aabd467007c7cd","service":"instagram-scraper","timestamp":"2025-08-01 01:30:16"}
{"level":"info","message":"Checking completion for session 688bc3d748aabd467007c7cd with maxDepth 1","service":"instagram-scraper","timestamp":"2025-08-01 01:30:16"}
{"level":"info","message":"Root profile stats for session 688bc3d748aabd467007c7cd:","scraped":1,"service":"instagram-scraper","timestamp":"2025-08-01 01:30:16"}
{"level":"info","message":"Depth 1 stats for session 688bc3d748aabd467007c7cd:","scraped":5,"service":"instagram-scraper","timestamp":"2025-08-01 01:30:16","total":5}
{"level":"info","message":"Checking 1 running sessions for completion","service":"instagram-scraper","timestamp":"2025-08-01 01:30:18"}
{"level":"info","message":"No active jobs found for session 688bc3d748aabd467007c7cd","service":"instagram-scraper","timestamp":"2025-08-01 01:30:18"}
{"level":"info","message":"Session 688bc3d748aabd467007c7cd has analysis disabled, skipping analysis check","service":"instagram-scraper","timestamp":"2025-08-01 01:30:18"}
{"level":"info","message":"Session 688bc3d748aabd467007c7cd is complete!","service":"instagram-scraper","timestamp":"2025-08-01 01:30:18"}
{"level":"info","message":"Session 688bc3d748aabd467007c7cd is complete. Marking as completed.","service":"instagram-scraper","timestamp":"2025-08-01 01:30:18"}
{"level":"error","message":"Error checking session completion for 688bc3d748aabd467007c7cd: socketService.emitSessionUpdate is not a function","service":"instagram-scraper","stack":"TypeError: socketService.emitSessionUpdate is not a function\n    at SessionCompletionService.checkAndUpdateSessionCompletion (C:\\Users\\Asraful\\Desktop\\scraper system\\backend\\src\\services\\sessionCompletionService.js:38:31)\n    at process.processTicksAndRejections (node:internal/process/task_queues:105:5)\n    at async Timeout._onTimeout (C:\\Users\\Asraful\\Desktop\\scraper system\\backend\\src\\queues\\processors\\relatedProfileBatchProcessor.js:282:9)","timestamp":"2025-08-01 01:30:18"}
{"level":"info","message":"Checking 0 running sessions for completion","service":"instagram-scraper","timestamp":"2025-08-01 01:30:28"}
{"level":"info","message":"Checking 0 running sessions for completion","service":"instagram-scraper","timestamp":"2025-08-01 01:30:38"}
{"level":"info","message":"Checking 0 running sessions for completion","service":"instagram-scraper","timestamp":"2025-08-01 01:30:48"}
{"level":"info","message":"Checking 0 running sessions for completion","service":"instagram-scraper","timestamp":"2025-08-01 01:30:58"}
{"level":"info","message":"Socket unLsvEHALu8tcfbQAAAZ subscribed to session 688bc3d748aabd467007c7cd","service":"instagram-scraper","timestamp":"2025-08-01 01:31:07"}
{"level":"info","message":"Socket unLsvEHALu8tcfbQAAAZ unsubscribed from session 688bc3d748aabd467007c7cd","service":"instagram-scraper","timestamp":"2025-08-01 01:31:07"}
{"level":"info","message":"Socket unLsvEHALu8tcfbQAAAZ subscribed to session 688bc3d748aabd467007c7cd","service":"instagram-scraper","timestamp":"2025-08-01 01:31:07"}
{"level":"info","message":"Sample root profile metadata:","metadata":{"apifyRunId":"57101995290","dataVersion":"1.0","error":{},"igtvCount":0,"postsCount":12,"processingTime":0.289,"relatedProfilesCount":80,"scrapingSource":"apify"},"service":"instagram-scraper","timestamp":"2025-08-01 01:31:07","username":"siarlyxo"}
{"level":"info","message":"Sample root profile metadata:","metadata":{"apifyRunId":"57101995290","dataVersion":"1.0","error":{},"igtvCount":0,"postsCount":12,"processingTime":0.289,"relatedProfilesCount":80,"scrapingSource":"apify"},"service":"instagram-scraper","timestamp":"2025-08-01 01:31:07","username":"siarlyxo"}
{"level":"info","message":"Root profile aggregation result:","result":"[\n  {\n    \"_id\": \"scraped\",\n    \"count\": 1,\n    \"profiles\": [\n      {\n        \"username\": \"siarlyxo\",\n        \"profileUrl\": \"https://www.instagram.com/siarlyxo\"\n      }\n    ],\n    \"totalRelatedProfilesFound\": 80\n  }\n]","service":"instagram-scraper","sessionId":"688bc3d748aabd467007c7cd","timestamp":"2025-08-01 01:31:07"}
{"level":"info","message":"Root profile aggregation result:","result":"[\n  {\n    \"_id\": \"scraped\",\n    \"count\": 1,\n    \"profiles\": [\n      {\n        \"username\": \"siarlyxo\",\n        \"profileUrl\": \"https://www.instagram.com/siarlyxo\"\n      }\n    ],\n    \"totalRelatedProfilesFound\": 80\n  }\n]","service":"instagram-scraper","sessionId":"688bc3d748aabd467007c7cd","timestamp":"2025-08-01 01:31:07"}
{"level":"info","message":"Checking 0 running sessions for completion","service":"instagram-scraper","timestamp":"2025-08-01 01:31:08"}
{"level":"info","message":"Checking 0 running sessions for completion","service":"instagram-scraper","timestamp":"2025-08-01 01:31:20"}
{"level":"info","message":"Checking 0 running sessions for completion","service":"instagram-scraper","timestamp":"2025-08-01 01:31:28"}
{"attempt":1,"level":"info","message":"Successfully sent profile data to n8n webhook","profileId":"688bc42b48aabd467007c807","service":"instagram-scraper","statusCode":200,"timestamp":"2025-08-01 01:31:31","username":"alinnarosee"}
{"adultContentScore":60,"level":"info","message":"Profile analysis result from n8n","profileId":"688bc42b48aabd467007c807","service":"instagram-scraper","skipped":false,"status":"stored","stored":true,"timestamp":"2025-08-01 01:31:31","username":"alinnarosee"}
{"adultContentScore":60,"isSkipped":false,"isStored":true,"level":"info","message":"Successfully processed profile through n8n: alinnarosee","processingTime":103264,"profileId":"688bc42b48aabd467007c807","service":"instagram-scraper","status":"stored","timestamp":"2025-08-01 01:31:37"}
{"jobId":"3","level":"info","message":"n8n analysis job completed for alinnarosee","processingTime":103919,"service":"instagram-scraper","timestamp":"2025-08-01 01:31:38"}
{"level":"info","message":"Processing profile for n8n analysis: sondrablust (depth: 1)","service":"instagram-scraper","timestamp":"2025-08-01 01:31:38"}
{"level":"info","message":"Checking 0 running sessions for completion","service":"instagram-scraper","timestamp":"2025-08-01 01:31:38"}
{"dataSize":54337,"dataSizeKB":"53.06","level":"info","message":"Sending profile data to n8n webhook: sondrablust","postsCount":12,"profileId":"688bc43548aabd467007c80f","service":"instagram-scraper","timestamp":"2025-08-01 01:31:40","username":"sondrablust","webhookUrl":"https://evoked.app.n8n.cloud/webhook/analysed-data"}
{"attempt":1,"level":"info","message":"Successfully sent profile data to n8n webhook","profileId":"688bc43548aabd467007c80f","service":"instagram-scraper","statusCode":200,"timestamp":"2025-08-01 01:31:43","username":"sondrablust"}
{"adultContentScore":0,"level":"info","message":"Profile analysis result from n8n","profileId":"688bc43548aabd467007c80f","service":"instagram-scraper","skipped":false,"status":"stored","stored":true,"timestamp":"2025-08-01 01:31:43","username":"sondrablust"}
{"adultContentScore":0,"isSkipped":false,"isStored":true,"level":"info","message":"Successfully processed profile through n8n: sondrablust","processingTime":7145,"profileId":"688bc43548aabd467007c80f","service":"instagram-scraper","status":"stored","timestamp":"2025-08-01 01:31:45"}
{"jobId":"5","level":"info","message":"n8n analysis job completed for sondrablust","processingTime":7722,"service":"instagram-scraper","timestamp":"2025-08-01 01:31:46"}
{"level":"info","message":"Processing profile for n8n analysis: rashelrm (depth: 1)","service":"instagram-scraper","timestamp":"2025-08-01 01:31:46"}
{"level":"info","message":"Checking 0 running sessions for completion","service":"instagram-scraper","timestamp":"2025-08-01 01:31:48"}
{"dataSize":92709,"dataSizeKB":"90.54","level":"info","message":"Sending profile data to n8n webhook: rashelrm","postsCount":12,"profileId":"688bc43948aabd467007c813","service":"instagram-scraper","timestamp":"2025-08-01 01:31:48","username":"rashelrm","webhookUrl":"https://evoked.app.n8n.cloud/webhook/analysed-data"}
{"level":"info","message":"Checking 0 running sessions for completion","service":"instagram-scraper","timestamp":"2025-08-01 01:31:58"}
{"level":"info","message":"Checking 0 running sessions for completion","service":"instagram-scraper","timestamp":"2025-08-01 01:32:11"}
{"level":"info","message":"Socket disconnected: unLsvEHALu8tcfbQAAAZ","service":"instagram-scraper","timestamp":"2025-08-01 01:32:38"}
{"level":"info","message":"New socket connection: b5Q-2jjMw1KRL3sRAAAb","service":"instagram-scraper","timestamp":"2025-08-01 01:32:39"}
{"level":"info","message":"Socket b5Q-2jjMw1KRL3sRAAAb subscribed to session 688bc3d748aabd467007c7cd","service":"instagram-scraper","timestamp":"2025-08-01 01:32:39"}
{"level":"info","message":"Socket b5Q-2jjMw1KRL3sRAAAb unsubscribed from session 688bc3d748aabd467007c7cd","service":"instagram-scraper","timestamp":"2025-08-01 01:32:39"}
{"level":"info","message":"Socket b5Q-2jjMw1KRL3sRAAAb subscribed to session 688bc3d748aabd467007c7cd","service":"instagram-scraper","timestamp":"2025-08-01 01:32:39"}
{"level":"info","message":"Checking 0 running sessions for completion","service":"instagram-scraper","timestamp":"2025-08-01 01:32:40"}
{"attempt":1,"level":"info","message":"Successfully sent profile data to n8n webhook","profileId":"688bc43948aabd467007c813","service":"instagram-scraper","statusCode":200,"timestamp":"2025-08-01 01:33:15","username":"rashelrm"}
{"adultContentScore":40,"level":"info","message":"Profile analysis result from n8n","profileId":"688bc43948aabd467007c813","service":"instagram-scraper","skipped":false,"status":"stored","stored":true,"timestamp":"2025-08-01 01:33:15","username":"rashelrm"}
{"level":"info","message":"Checking 0 running sessions for completion","service":"instagram-scraper","timestamp":"2025-08-01 01:34:41"}
{"level":"info","message":"Socket disconnected: b5Q-2jjMw1KRL3sRAAAb","service":"instagram-scraper","timestamp":"2025-08-01 01:35:17"}
{"level":"info","message":"New socket connection: DLJQEHJOr2WhMIAeAAAd","service":"instagram-scraper","timestamp":"2025-08-01 01:35:18"}
{"level":"info","message":"Socket DLJQEHJOr2WhMIAeAAAd subscribed to session 688bc3d748aabd467007c7cd","service":"instagram-scraper","timestamp":"2025-08-01 01:35:18"}
{"level":"info","message":"Socket DLJQEHJOr2WhMIAeAAAd unsubscribed from session 688bc3d748aabd467007c7cd","service":"instagram-scraper","timestamp":"2025-08-01 01:35:18"}
{"level":"info","message":"Socket DLJQEHJOr2WhMIAeAAAd subscribed to session 688bc3d748aabd467007c7cd","service":"instagram-scraper","timestamp":"2025-08-01 01:35:18"}
{"level":"info","message":"Socket disconnected: DLJQEHJOr2WhMIAeAAAd","service":"instagram-scraper","timestamp":"2025-08-01 01:35:30"}
{"level":"info","message":"New socket connection: WvAlR82ZgR9sSBWoAAAf","service":"instagram-scraper","timestamp":"2025-08-01 01:35:31"}
{"level":"info","message":"Socket WvAlR82ZgR9sSBWoAAAf subscribed to session 688bc3d748aabd467007c7cd","service":"instagram-scraper","timestamp":"2025-08-01 01:35:31"}
{"level":"info","message":"Socket WvAlR82ZgR9sSBWoAAAf unsubscribed from session 688bc3d748aabd467007c7cd","service":"instagram-scraper","timestamp":"2025-08-01 01:35:31"}
{"level":"info","message":"Socket WvAlR82ZgR9sSBWoAAAf subscribed to session 688bc3d748aabd467007c7cd","service":"instagram-scraper","timestamp":"2025-08-01 01:35:31"}
{"level":"info","message":"Socket disconnected: WvAlR82ZgR9sSBWoAAAf","service":"instagram-scraper","timestamp":"2025-08-01 01:36:30"}
{"level":"info","message":"New socket connection: CFxJL8KRSjiSszm7AAAh","service":"instagram-scraper","timestamp":"2025-08-01 01:36:30"}
{"level":"info","message":"Socket CFxJL8KRSjiSszm7AAAh subscribed to session 688bc3d748aabd467007c7cd","service":"instagram-scraper","timestamp":"2025-08-01 01:36:30"}
{"level":"info","message":"Socket CFxJL8KRSjiSszm7AAAh unsubscribed from session 688bc3d748aabd467007c7cd","service":"instagram-scraper","timestamp":"2025-08-01 01:36:30"}
{"level":"info","message":"Socket CFxJL8KRSjiSszm7AAAh subscribed to session 688bc3d748aabd467007c7cd","service":"instagram-scraper","timestamp":"2025-08-01 01:36:30"}
{"level":"info","message":"Socket CFxJL8KRSjiSszm7AAAh unsubscribed from session 688bc3d748aabd467007c7cd","service":"instagram-scraper","timestamp":"2025-08-01 01:36:31"}
{"level":"info","message":"Checking 0 running sessions for completion","service":"instagram-scraper","timestamp":"2025-08-01 01:37:03"}
{"level":"info","message":"Checking 0 running sessions for completion","service":"instagram-scraper","timestamp":"2025-08-01 01:37:05"}
{"level":"info","message":"Checking 0 running sessions for completion","service":"instagram-scraper","timestamp":"2025-08-01 01:37:06"}
{"level":"info","message":"Checking 0 running sessions for completion","service":"instagram-scraper","timestamp":"2025-08-01 01:37:07"}
{"level":"info","message":"Checking 0 running sessions for completion","service":"instagram-scraper","timestamp":"2025-08-01 01:37:08"}
{"level":"info","message":"Checking 0 running sessions for completion","service":"instagram-scraper","timestamp":"2025-08-01 01:37:08"}
{"level":"info","message":"Checking 0 running sessions for completion","service":"instagram-scraper","timestamp":"2025-08-01 01:37:10"}
{"level":"info","message":"Checking 0 running sessions for completion","service":"instagram-scraper","timestamp":"2025-08-01 01:37:11"}
{"level":"info","message":"Checking 0 running sessions for completion","service":"instagram-scraper","timestamp":"2025-08-01 01:37:11"}
{"level":"info","message":"Checking 0 running sessions for completion","service":"instagram-scraper","timestamp":"2025-08-01 01:37:11"}
{"level":"info","message":"Sample root profile metadata:","metadata":{"apifyRunId":"57101995290","dataVersion":"1.0","error":{},"igtvCount":0,"postsCount":12,"processingTime":0.289,"relatedProfilesCount":80,"scrapingSource":"apify"},"service":"instagram-scraper","timestamp":"2025-08-01 01:37:11","username":"siarlyxo"}
{"level":"info","message":"Checking 0 running sessions for completion","service":"instagram-scraper","timestamp":"2025-08-01 01:37:11"}
{"level":"info","message":"Checking 0 running sessions for completion","service":"instagram-scraper","timestamp":"2025-08-01 01:37:11"}
{"level":"info","message":"Checking 0 running sessions for completion","service":"instagram-scraper","timestamp":"2025-08-01 01:37:12"}
{"level":"info","message":"Checking 0 running sessions for completion","service":"instagram-scraper","timestamp":"2025-08-01 01:37:12"}
{"level":"info","message":"Checking 0 running sessions for completion","service":"instagram-scraper","timestamp":"2025-08-01 01:37:12"}
{"level":"info","message":"Checking 0 running sessions for completion","service":"instagram-scraper","timestamp":"2025-08-01 01:37:12"}
{"level":"info","message":"Checking 0 running sessions for completion","service":"instagram-scraper","timestamp":"2025-08-01 01:37:12"}
{"level":"info","message":"Checking 0 running sessions for completion","service":"instagram-scraper","timestamp":"2025-08-01 01:37:13"}
{"level":"info","message":"Checking 0 running sessions for completion","service":"instagram-scraper","timestamp":"2025-08-01 01:37:13"}
{"level":"info","message":"Checking 0 running sessions for completion","service":"instagram-scraper","timestamp":"2025-08-01 01:37:14"}
{"level":"info","message":"Checking 0 running sessions for completion","service":"instagram-scraper","timestamp":"2025-08-01 01:37:14"}
{"level":"info","message":"Checking 0 running sessions for completion","service":"instagram-scraper","timestamp":"2025-08-01 01:37:14"}
{"level":"info","message":"Checking 0 running sessions for completion","service":"instagram-scraper","timestamp":"2025-08-01 01:37:14"}
{"level":"info","message":"Checking 0 running sessions for completion","service":"instagram-scraper","timestamp":"2025-08-01 01:37:14"}
{"level":"info","message":"Checking 0 running sessions for completion","service":"instagram-scraper","timestamp":"2025-08-01 01:37:15"}
{"level":"info","message":"Checking 0 running sessions for completion","service":"instagram-scraper","timestamp":"2025-08-01 01:37:15"}
{"level":"info","message":"Checking 0 running sessions for completion","service":"instagram-scraper","timestamp":"2025-08-01 01:37:15"}
{"level":"info","message":"Sample root profile metadata:","metadata":{"apifyRunId":"57101995290","dataVersion":"1.0","error":{},"igtvCount":0,"postsCount":12,"processingTime":0.289,"relatedProfilesCount":80,"scrapingSource":"apify"},"service":"instagram-scraper","timestamp":"2025-08-01 01:37:15","username":"siarlyxo"}
{"level":"info","message":"Sample root profile metadata:","metadata":{"apifyRunId":"57101995290","dataVersion":"1.0","error":{},"igtvCount":0,"postsCount":12,"processingTime":0.289,"relatedProfilesCount":80,"scrapingSource":"apify"},"service":"instagram-scraper","timestamp":"2025-08-01 01:37:15","username":"siarlyxo"}
{"level":"info","message":"Checking 0 running sessions for completion","service":"instagram-scraper","timestamp":"2025-08-01 01:37:16"}
{"level":"info","message":"Root profile aggregation result:","result":"[\n  {\n    \"_id\": \"scraped\",\n    \"count\": 1,\n    \"profiles\": [\n      {\n        \"username\": \"siarlyxo\",\n        \"profileUrl\": \"https://www.instagram.com/siarlyxo\"\n      }\n    ],\n    \"totalRelatedProfilesFound\": 80\n  }\n]","service":"instagram-scraper","sessionId":"688bc3d748aabd467007c7cd","timestamp":"2025-08-01 01:37:18"}
{"level":"info","message":"Sample root profile metadata:","metadata":{"apifyRunId":"57101995290","dataVersion":"1.0","error":{},"igtvCount":0,"postsCount":12,"processingTime":0.289,"relatedProfilesCount":80,"scrapingSource":"apify"},"service":"instagram-scraper","timestamp":"2025-08-01 01:37:19","username":"siarlyxo"}
{"level":"info","message":"Sample root profile metadata:","metadata":{"apifyRunId":"57101995290","dataVersion":"1.0","error":{},"igtvCount":0,"postsCount":12,"processingTime":0.289,"relatedProfilesCount":80,"scrapingSource":"apify"},"service":"instagram-scraper","timestamp":"2025-08-01 01:37:19","username":"siarlyxo"}
{"level":"info","message":"Sample root profile metadata:","metadata":{"apifyRunId":"57101995290","dataVersion":"1.0","error":{},"igtvCount":0,"postsCount":12,"processingTime":0.289,"relatedProfilesCount":80,"scrapingSource":"apify"},"service":"instagram-scraper","timestamp":"2025-08-01 01:37:19","username":"siarlyxo"}
{"level":"info","message":"Sample root profile metadata:","metadata":{"apifyRunId":"57101995290","dataVersion":"1.0","error":{},"igtvCount":0,"postsCount":12,"processingTime":0.289,"relatedProfilesCount":80,"scrapingSource":"apify"},"service":"instagram-scraper","timestamp":"2025-08-01 01:37:19","username":"siarlyxo"}
{"level":"info","message":"Sample root profile metadata:","metadata":{"apifyRunId":"57101995290","dataVersion":"1.0","error":{},"igtvCount":0,"postsCount":12,"processingTime":0.289,"relatedProfilesCount":80,"scrapingSource":"apify"},"service":"instagram-scraper","timestamp":"2025-08-01 01:37:20","username":"siarlyxo"}
{"level":"info","message":"Sample root profile metadata:","metadata":{"apifyRunId":"57101995290","dataVersion":"1.0","error":{},"igtvCount":0,"postsCount":12,"processingTime":0.289,"relatedProfilesCount":80,"scrapingSource":"apify"},"service":"instagram-scraper","timestamp":"2025-08-01 01:37:20","username":"siarlyxo"}
{"level":"info","message":"Root profile aggregation result:","result":"[\n  {\n    \"_id\": \"scraped\",\n    \"count\": 1,\n    \"profiles\": [\n      {\n        \"username\": \"siarlyxo\",\n        \"profileUrl\": \"https://www.instagram.com/siarlyxo\"\n      }\n    ],\n    \"totalRelatedProfilesFound\": 80\n  }\n]","service":"instagram-scraper","sessionId":"688bc3d748aabd467007c7cd","timestamp":"2025-08-01 01:37:21"}
{"level":"info","message":"Root profile aggregation result:","result":"[\n  {\n    \"_id\": \"scraped\",\n    \"count\": 1,\n    \"profiles\": [\n      {\n        \"username\": \"siarlyxo\",\n        \"profileUrl\": \"https://www.instagram.com/siarlyxo\"\n      }\n    ],\n    \"totalRelatedProfilesFound\": 80\n  }\n]","service":"instagram-scraper","sessionId":"688bc3d748aabd467007c7cd","timestamp":"2025-08-01 01:37:21"}
{"level":"info","message":"Checking 0 running sessions for completion","service":"instagram-scraper","timestamp":"2025-08-01 01:37:21"}
{"level":"info","message":"Root profile aggregation result:","result":"[\n  {\n    \"_id\": \"scraped\",\n    \"count\": 1,\n    \"profiles\": [\n      {\n        \"username\": \"siarlyxo\",\n        \"profileUrl\": \"https://www.instagram.com/siarlyxo\"\n      }\n    ],\n    \"totalRelatedProfilesFound\": 80\n  }\n]","service":"instagram-scraper","sessionId":"688bc3d748aabd467007c7cd","timestamp":"2025-08-01 01:37:21"}
{"level":"info","message":"Root profile aggregation result:","result":"[\n  {\n    \"_id\": \"scraped\",\n    \"count\": 1,\n    \"profiles\": [\n      {\n        \"username\": \"siarlyxo\",\n        \"profileUrl\": \"https://www.instagram.com/siarlyxo\"\n      }\n    ],\n    \"totalRelatedProfilesFound\": 80\n  }\n]","service":"instagram-scraper","sessionId":"688bc3d748aabd467007c7cd","timestamp":"2025-08-01 01:37:21"}
{"level":"info","message":"Root profile aggregation result:","result":"[\n  {\n    \"_id\": \"scraped\",\n    \"count\": 1,\n    \"profiles\": [\n      {\n        \"username\": \"siarlyxo\",\n        \"profileUrl\": \"https://www.instagram.com/siarlyxo\"\n      }\n    ],\n    \"totalRelatedProfilesFound\": 80\n  }\n]","service":"instagram-scraper","sessionId":"688bc3d748aabd467007c7cd","timestamp":"2025-08-01 01:37:22"}
{"level":"info","message":"Root profile aggregation result:","result":"[\n  {\n    \"_id\": \"scraped\",\n    \"count\": 1,\n    \"profiles\": [\n      {\n        \"username\": \"siarlyxo\",\n        \"profileUrl\": \"https://www.instagram.com/siarlyxo\"\n      }\n    ],\n    \"totalRelatedProfilesFound\": 80\n  }\n]","service":"instagram-scraper","sessionId":"688bc3d748aabd467007c7cd","timestamp":"2025-08-01 01:37:22"}
{"level":"info","message":"Root profile aggregation result:","result":"[\n  {\n    \"_id\": \"scraped\",\n    \"count\": 1,\n    \"profiles\": [\n      {\n        \"username\": \"siarlyxo\",\n        \"profileUrl\": \"https://www.instagram.com/siarlyxo\"\n      }\n    ],\n    \"totalRelatedProfilesFound\": 80\n  }\n]","service":"instagram-scraper","sessionId":"688bc3d748aabd467007c7cd","timestamp":"2025-08-01 01:37:22"}
{"level":"info","message":"Root profile aggregation result:","result":"[\n  {\n    \"_id\": \"scraped\",\n    \"count\": 1,\n    \"profiles\": [\n      {\n        \"username\": \"siarlyxo\",\n        \"profileUrl\": \"https://www.instagram.com/siarlyxo\"\n      }\n    ],\n    \"totalRelatedProfilesFound\": 80\n  }\n]","service":"instagram-scraper","sessionId":"688bc3d748aabd467007c7cd","timestamp":"2025-08-01 01:37:22"}
{"adultContentScore":40,"isSkipped":false,"isStored":true,"level":"info","message":"Successfully processed profile through n8n: rashelrm","processingTime":338235,"profileId":"688bc43948aabd467007c813","service":"instagram-scraper","status":"stored","timestamp":"2025-08-01 01:37:24"}
{"jobId":"6","level":"info","message":"n8n analysis job completed for rashelrm","processingTime":339052,"service":"instagram-scraper","timestamp":"2025-08-01 01:37:25"}
{"level":"info","message":"Checking 0 running sessions for completion","service":"instagram-scraper","timestamp":"2025-08-01 01:37:28"}
{"level":"info","message":"Checking 0 running sessions for completion","service":"instagram-scraper","timestamp":"2025-08-01 01:37:38"}
{"level":"info","message":"Checking 0 running sessions for completion","service":"instagram-scraper","timestamp":"2025-08-01 01:37:48"}
{"level":"info","message":"Checking 0 running sessions for completion","service":"instagram-scraper","timestamp":"2025-08-01 01:37:58"}
{"level":"info","message":"Checking 0 running sessions for completion","service":"instagram-scraper","timestamp":"2025-08-01 01:38:08"}
{"level":"info","message":"Checking 0 running sessions for completion","service":"instagram-scraper","timestamp":"2025-08-01 01:38:18"}
{"level":"info","message":"Checking 0 running sessions for completion","service":"instagram-scraper","timestamp":"2025-08-01 01:38:28"}
{"level":"info","message":"Checking 0 running sessions for completion","service":"instagram-scraper","timestamp":"2025-08-01 01:38:38"}
{"level":"info","message":"Checking 0 running sessions for completion","service":"instagram-scraper","timestamp":"2025-08-01 01:38:48"}
{"level":"info","message":"Checking 0 running sessions for completion","service":"instagram-scraper","timestamp":"2025-08-01 01:38:58"}
{"level":"info","message":"Checking 0 running sessions for completion","service":"instagram-scraper","timestamp":"2025-08-01 01:39:08"}
{"level":"info","message":"Checking 0 running sessions for completion","service":"instagram-scraper","timestamp":"2025-08-01 01:39:18"}
{"level":"info","message":"Checking 0 running sessions for completion","service":"instagram-scraper","timestamp":"2025-08-01 01:39:28"}
{"level":"info","message":"Checking 0 running sessions for completion","service":"instagram-scraper","timestamp":"2025-08-01 01:39:38"}
{"level":"info","message":"Checking 0 running sessions for completion","service":"instagram-scraper","timestamp":"2025-08-01 01:39:48"}
{"level":"info","message":"Checking 0 running sessions for completion","service":"instagram-scraper","timestamp":"2025-08-01 01:39:58"}
{"level":"info","message":"Checking 0 running sessions for completion","service":"instagram-scraper","timestamp":"2025-08-01 01:40:08"}
{"level":"info","message":"Checking 0 running sessions for completion","service":"instagram-scraper","timestamp":"2025-08-01 01:40:18"}
{"level":"info","message":"Checking 0 running sessions for completion","service":"instagram-scraper","timestamp":"2025-08-01 01:40:28"}
{"level":"info","message":"Checking 0 running sessions for completion","service":"instagram-scraper","timestamp":"2025-08-01 01:40:38"}
{"level":"info","message":"Checking 0 running sessions for completion","service":"instagram-scraper","timestamp":"2025-08-01 01:40:48"}
{"level":"info","message":"Checking 0 running sessions for completion","service":"instagram-scraper","timestamp":"2025-08-01 01:40:58"}
{"level":"info","message":"Checking 0 running sessions for completion","service":"instagram-scraper","timestamp":"2025-08-01 01:41:08"}
{"level":"info","message":"Checking 0 running sessions for completion","service":"instagram-scraper","timestamp":"2025-08-01 01:41:18"}
{"level":"info","message":"Checking 0 running sessions for completion","service":"instagram-scraper","timestamp":"2025-08-01 01:41:28"}
{"level":"info","message":"Checking 0 running sessions for completion","service":"instagram-scraper","timestamp":"2025-08-01 01:41:38"}
{"level":"info","message":"Checking 0 running sessions for completion","service":"instagram-scraper","timestamp":"2025-08-01 01:41:48"}
{"level":"info","message":"Checking 0 running sessions for completion","service":"instagram-scraper","timestamp":"2025-08-01 01:41:58"}
{"level":"info","message":"Checking 0 running sessions for completion","service":"instagram-scraper","timestamp":"2025-08-01 01:42:08"}
{"level":"info","message":"Checking 0 running sessions for completion","service":"instagram-scraper","timestamp":"2025-08-01 01:42:18"}
{"level":"info","message":"Checking 0 running sessions for completion","service":"instagram-scraper","timestamp":"2025-08-01 01:42:28"}
{"level":"info","message":"Checking 0 running sessions for completion","service":"instagram-scraper","timestamp":"2025-08-01 01:42:38"}
{"level":"info","message":"Checking 0 running sessions for completion","service":"instagram-scraper","timestamp":"2025-08-01 01:42:48"}
{"level":"info","message":"Checking 0 running sessions for completion","service":"instagram-scraper","timestamp":"2025-08-01 01:42:58"}
{"level":"info","message":"Checking 0 running sessions for completion","service":"instagram-scraper","timestamp":"2025-08-01 01:43:08"}
{"level":"info","message":"Checking 0 running sessions for completion","service":"instagram-scraper","timestamp":"2025-08-01 01:43:18"}
{"level":"info","message":"Checking 0 running sessions for completion","service":"instagram-scraper","timestamp":"2025-08-01 01:43:28"}
{"level":"info","message":"Checking 0 running sessions for completion","service":"instagram-scraper","timestamp":"2025-08-01 01:43:38"}
{"level":"info","message":"Checking 0 running sessions for completion","service":"instagram-scraper","timestamp":"2025-08-01 01:43:48"}
{"level":"info","message":"Checking 0 running sessions for completion","service":"instagram-scraper","timestamp":"2025-08-01 01:43:58"}
{"level":"info","message":"Checking 0 running sessions for completion","service":"instagram-scraper","timestamp":"2025-08-01 01:44:08"}
{"level":"info","message":"Checking 0 running sessions for completion","service":"instagram-scraper","timestamp":"2025-08-01 01:44:18"}
{"level":"info","message":"Checking 0 running sessions for completion","service":"instagram-scraper","timestamp":"2025-08-01 01:44:28"}
{"level":"info","message":"Checking 0 running sessions for completion","service":"instagram-scraper","timestamp":"2025-08-01 01:44:38"}
{"level":"info","message":"Checking 0 running sessions for completion","service":"instagram-scraper","timestamp":"2025-08-01 01:44:48"}
{"level":"info","message":"Checking 0 running sessions for completion","service":"instagram-scraper","timestamp":"2025-08-01 01:44:58"}
{"level":"info","message":"Checking 0 running sessions for completion","service":"instagram-scraper","timestamp":"2025-08-01 01:45:08"}
{"level":"info","message":"Checking 0 running sessions for completion","service":"instagram-scraper","timestamp":"2025-08-01 01:45:18"}
{"level":"info","message":"Checking 0 running sessions for completion","service":"instagram-scraper","timestamp":"2025-08-01 01:45:28"}
{"level":"info","message":"Checking 0 running sessions for completion","service":"instagram-scraper","timestamp":"2025-08-01 01:45:38"}
{"level":"info","message":"Checking 0 running sessions for completion","service":"instagram-scraper","timestamp":"2025-08-01 01:45:48"}
{"level":"info","message":"Checking 0 running sessions for completion","service":"instagram-scraper","timestamp":"2025-08-01 01:45:58"}
{"level":"info","message":"Checking 0 running sessions for completion","service":"instagram-scraper","timestamp":"2025-08-01 01:46:08"}
{"level":"info","message":"Checking 0 running sessions for completion","service":"instagram-scraper","timestamp":"2025-08-01 01:46:18"}
{"level":"info","message":"Checking 0 running sessions for completion","service":"instagram-scraper","timestamp":"2025-08-01 01:46:28"}
{"level":"info","message":"Checking 0 running sessions for completion","service":"instagram-scraper","timestamp":"2025-08-01 01:46:38"}
{"level":"info","message":"Checking 0 running sessions for completion","service":"instagram-scraper","timestamp":"2025-08-01 01:46:49"}
{"level":"info","message":"Checking 0 running sessions for completion","service":"instagram-scraper","timestamp":"2025-08-01 01:46:59"}
{"level":"info","message":"Checking 0 running sessions for completion","service":"instagram-scraper","timestamp":"2025-08-01 01:47:08"}
{"level":"info","message":"Checking 0 running sessions for completion","service":"instagram-scraper","timestamp":"2025-08-01 01:47:18"}
{"level":"info","message":"Checking 0 running sessions for completion","service":"instagram-scraper","timestamp":"2025-08-01 01:47:28"}
{"level":"info","message":"Checking 0 running sessions for completion","service":"instagram-scraper","timestamp":"2025-08-01 01:47:38"}
{"level":"info","message":"Checking 0 running sessions for completion","service":"instagram-scraper","timestamp":"2025-08-01 01:47:49"}
{"level":"info","message":"Checking 0 running sessions for completion","service":"instagram-scraper","timestamp":"2025-08-01 01:47:58"}
{"level":"info","message":"Checking 0 running sessions for completion","service":"instagram-scraper","timestamp":"2025-08-01 01:48:09"}
{"level":"info","message":"Checking 0 running sessions for completion","service":"instagram-scraper","timestamp":"2025-08-01 01:48:19"}
{"level":"info","message":"Socket CFxJL8KRSjiSszm7AAAh subscribed to session 688bc3d748aabd467007c7cd","service":"instagram-scraper","timestamp":"2025-08-01 01:48:21"}
{"level":"info","message":"Socket CFxJL8KRSjiSszm7AAAh unsubscribed from session 688bc3d748aabd467007c7cd","service":"instagram-scraper","timestamp":"2025-08-01 01:48:21"}
{"level":"info","message":"Socket CFxJL8KRSjiSszm7AAAh subscribed to session 688bc3d748aabd467007c7cd","service":"instagram-scraper","timestamp":"2025-08-01 01:48:21"}
{"level":"info","message":"Sample root profile metadata:","metadata":{"apifyRunId":"57101995290","dataVersion":"1.0","error":{},"igtvCount":0,"postsCount":12,"processingTime":0.289,"relatedProfilesCount":80,"scrapingSource":"apify"},"service":"instagram-scraper","timestamp":"2025-08-01 01:48:21","username":"siarlyxo"}
{"level":"info","message":"Sample root profile metadata:","metadata":{"apifyRunId":"57101995290","dataVersion":"1.0","error":{},"igtvCount":0,"postsCount":12,"processingTime":0.289,"relatedProfilesCount":80,"scrapingSource":"apify"},"service":"instagram-scraper","timestamp":"2025-08-01 01:48:21","username":"siarlyxo"}
{"level":"info","message":"Root profile aggregation result:","result":"[\n  {\n    \"_id\": \"scraped\",\n    \"count\": 1,\n    \"profiles\": [\n      {\n        \"username\": \"siarlyxo\",\n        \"profileUrl\": \"https://www.instagram.com/siarlyxo\"\n      }\n    ],\n    \"totalRelatedProfilesFound\": 80\n  }\n]","service":"instagram-scraper","sessionId":"688bc3d748aabd467007c7cd","timestamp":"2025-08-01 01:48:21"}
{"level":"info","message":"Root profile aggregation result:","result":"[\n  {\n    \"_id\": \"scraped\",\n    \"count\": 1,\n    \"profiles\": [\n      {\n        \"username\": \"siarlyxo\",\n        \"profileUrl\": \"https://www.instagram.com/siarlyxo\"\n      }\n    ],\n    \"totalRelatedProfilesFound\": 80\n  }\n]","service":"instagram-scraper","sessionId":"688bc3d748aabd467007c7cd","timestamp":"2025-08-01 01:48:21"}
{"level":"info","message":"Checking 0 running sessions for completion","service":"instagram-scraper","timestamp":"2025-08-01 01:48:34"}
{"level":"info","message":"Checking 0 running sessions for completion","service":"instagram-scraper","timestamp":"2025-08-01 01:48:50"}
{"level":"info","message":"Checking 0 running sessions for completion","service":"instagram-scraper","timestamp":"2025-08-01 01:48:54"}
{"level":"info","message":"Checking 0 running sessions for completion","service":"instagram-scraper","timestamp":"2025-08-01 01:48:59"}
{"level":"info","message":"Checking 0 running sessions for completion","service":"instagram-scraper","timestamp":"2025-08-01 01:49:09"}
{"level":"info","message":"Checking 0 running sessions for completion","service":"instagram-scraper","timestamp":"2025-08-01 01:49:19"}
{"level":"info","message":"Checking 0 running sessions for completion","service":"instagram-scraper","timestamp":"2025-08-01 01:49:29"}
{"level":"info","message":"Socket disconnected: CFxJL8KRSjiSszm7AAAh","service":"instagram-scraper","timestamp":"2025-08-01 01:49:30"}
{"level":"info","message":"New socket connection: yG12o3Rg6-P3m-EYAAAj","service":"instagram-scraper","timestamp":"2025-08-01 01:49:30"}
{"level":"info","message":"Socket yG12o3Rg6-P3m-EYAAAj subscribed to session 688bc3d748aabd467007c7cd","service":"instagram-scraper","timestamp":"2025-08-01 01:49:31"}
{"level":"info","message":"Socket yG12o3Rg6-P3m-EYAAAj unsubscribed from session 688bc3d748aabd467007c7cd","service":"instagram-scraper","timestamp":"2025-08-01 01:49:31"}
{"level":"info","message":"Socket yG12o3Rg6-P3m-EYAAAj subscribed to session 688bc3d748aabd467007c7cd","service":"instagram-scraper","timestamp":"2025-08-01 01:49:31"}
{"level":"info","message":"Sample root profile metadata:","metadata":{"apifyRunId":"57101995290","dataVersion":"1.0","error":{},"igtvCount":0,"postsCount":12,"processingTime":0.289,"relatedProfilesCount":80,"scrapingSource":"apify"},"service":"instagram-scraper","timestamp":"2025-08-01 01:49:36","username":"siarlyxo"}
{"level":"info","message":"Sample root profile metadata:","metadata":{"apifyRunId":"57101995290","dataVersion":"1.0","error":{},"igtvCount":0,"postsCount":12,"processingTime":0.289,"relatedProfilesCount":80,"scrapingSource":"apify"},"service":"instagram-scraper","timestamp":"2025-08-01 01:49:36","username":"siarlyxo"}
{"level":"info","message":"Root profile aggregation result:","result":"[\n  {\n    \"_id\": \"scraped\",\n    \"count\": 1,\n    \"profiles\": [\n      {\n        \"username\": \"siarlyxo\",\n        \"profileUrl\": \"https://www.instagram.com/siarlyxo\"\n      }\n    ],\n    \"totalRelatedProfilesFound\": 80\n  }\n]","service":"instagram-scraper","sessionId":"688bc3d748aabd467007c7cd","timestamp":"2025-08-01 01:49:36"}
{"level":"info","message":"Root profile aggregation result:","result":"[\n  {\n    \"_id\": \"scraped\",\n    \"count\": 1,\n    \"profiles\": [\n      {\n        \"username\": \"siarlyxo\",\n        \"profileUrl\": \"https://www.instagram.com/siarlyxo\"\n      }\n    ],\n    \"totalRelatedProfilesFound\": 80\n  }\n]","service":"instagram-scraper","sessionId":"688bc3d748aabd467007c7cd","timestamp":"2025-08-01 01:49:37"}
{"level":"info","message":"Checking 0 running sessions for completion","service":"instagram-scraper","timestamp":"2025-08-01 01:49:39"}
{"level":"info","message":"Checking 0 running sessions for completion","service":"instagram-scraper","timestamp":"2025-08-01 01:49:49"}
{"level":"info","message":"Checking 0 running sessions for completion","service":"instagram-scraper","timestamp":"2025-08-01 01:49:59"}
{"level":"info","message":"Checking 0 running sessions for completion","service":"instagram-scraper","timestamp":"2025-08-01 01:50:09"}
{"level":"info","message":"Checking 0 running sessions for completion","service":"instagram-scraper","timestamp":"2025-08-01 01:50:22"}
{"level":"info","message":"Checking 0 running sessions for completion","service":"instagram-scraper","timestamp":"2025-08-01 01:50:39"}
{"level":"info","message":"Checking 0 running sessions for completion","service":"instagram-scraper","timestamp":"2025-08-01 01:50:46"}
{"level":"info","message":"Checking 0 running sessions for completion","service":"instagram-scraper","timestamp":"2025-08-01 01:51:12"}
{"level":"info","message":"Checking 0 running sessions for completion","service":"instagram-scraper","timestamp":"2025-08-01 01:51:33"}
{"level":"info","message":"Checking 0 running sessions for completion","service":"instagram-scraper","timestamp":"2025-08-01 01:51:40"}
{"level":"info","message":"Checking 0 running sessions for completion","service":"instagram-scraper","timestamp":"2025-08-01 01:51:43"}
{"level":"info","message":"Checking 0 running sessions for completion","service":"instagram-scraper","timestamp":"2025-08-01 01:51:44"}
{"level":"info","message":"Checking 0 running sessions for completion","service":"instagram-scraper","timestamp":"2025-08-01 01:51:45"}
{"level":"info","message":"Checking 0 running sessions for completion","service":"instagram-scraper","timestamp":"2025-08-01 01:51:49"}
{"level":"info","message":"Checking 0 running sessions for completion","service":"instagram-scraper","timestamp":"2025-08-01 01:51:59"}
{"level":"info","message":"Checking 0 running sessions for completion","service":"instagram-scraper","timestamp":"2025-08-01 01:52:09"}
{"level":"info","message":"Checking 0 running sessions for completion","service":"instagram-scraper","timestamp":"2025-08-01 01:52:19"}
{"level":"info","message":"Checking 0 running sessions for completion","service":"instagram-scraper","timestamp":"2025-08-01 01:52:29"}
{"level":"info","message":"Checking 0 running sessions for completion","service":"instagram-scraper","timestamp":"2025-08-01 01:52:42"}
{"level":"info","message":"Checking 0 running sessions for completion","service":"instagram-scraper","timestamp":"2025-08-01 01:52:49"}
{"level":"info","message":"Checking 0 running sessions for completion","service":"instagram-scraper","timestamp":"2025-08-01 01:53:57"}
{"level":"info","message":"Checking 0 running sessions for completion","service":"instagram-scraper","timestamp":"2025-08-01 01:54:45"}
{"level":"info","message":"Checking 0 running sessions for completion","service":"instagram-scraper","timestamp":"2025-08-01 01:56:22"}
{"level":"info","message":"Checking 0 running sessions for completion","service":"instagram-scraper","timestamp":"2025-08-01 01:58:27"}
{"level":"info","message":"Checking 0 running sessions for completion","service":"instagram-scraper","timestamp":"2025-08-01 02:00:45"}
{"level":"info","message":"Checking 0 running sessions for completion","service":"instagram-scraper","timestamp":"2025-08-01 02:02:04"}
{"level":"info","message":"Checking 0 running sessions for completion","service":"instagram-scraper","timestamp":"2025-08-01 02:02:04"}
{"level":"info","message":"Checking 0 running sessions for completion","service":"instagram-scraper","timestamp":"2025-08-01 02:02:05"}
{"level":"info","message":"Checking 0 running sessions for completion","service":"instagram-scraper","timestamp":"2025-08-01 02:02:06"}
{"level":"info","message":"Checking 0 running sessions for completion","service":"instagram-scraper","timestamp":"2025-08-01 02:02:06"}
{"level":"info","message":"Checking 0 running sessions for completion","service":"instagram-scraper","timestamp":"2025-08-01 02:02:06"}
{"level":"info","message":"Checking 0 running sessions for completion","service":"instagram-scraper","timestamp":"2025-08-01 02:02:07"}
{"level":"info","message":"Checking 0 running sessions for completion","service":"instagram-scraper","timestamp":"2025-08-01 02:02:07"}
{"level":"info","message":"Checking 0 running sessions for completion","service":"instagram-scraper","timestamp":"2025-08-01 02:02:07"}
{"level":"info","message":"Checking 0 running sessions for completion","service":"instagram-scraper","timestamp":"2025-08-01 02:02:08"}
{"level":"info","message":"Checking 0 running sessions for completion","service":"instagram-scraper","timestamp":"2025-08-01 02:02:08"}
{"level":"info","message":"Checking 0 running sessions for completion","service":"instagram-scraper","timestamp":"2025-08-01 02:02:08"}
{"level":"info","message":"Checking 0 running sessions for completion","service":"instagram-scraper","timestamp":"2025-08-01 02:02:08"}
{"level":"info","message":"Checking 0 running sessions for completion","service":"instagram-scraper","timestamp":"2025-08-01 02:02:09"}
{"level":"info","message":"Checking 0 running sessions for completion","service":"instagram-scraper","timestamp":"2025-08-01 02:02:09"}
{"level":"info","message":"Checking 0 running sessions for completion","service":"instagram-scraper","timestamp":"2025-08-01 02:02:09"}
{"level":"info","message":"Checking 0 running sessions for completion","service":"instagram-scraper","timestamp":"2025-08-01 02:02:09"}
{"level":"info","message":"Checking 0 running sessions for completion","service":"instagram-scraper","timestamp":"2025-08-01 02:02:10"}
{"level":"info","message":"Checking 0 running sessions for completion","service":"instagram-scraper","timestamp":"2025-08-01 02:02:10"}
{"level":"info","message":"Checking 0 running sessions for completion","service":"instagram-scraper","timestamp":"2025-08-01 02:02:10"}
{"level":"info","message":"Checking 0 running sessions for completion","service":"instagram-scraper","timestamp":"2025-08-01 02:02:10"}
{"level":"info","message":"Checking 0 running sessions for completion","service":"instagram-scraper","timestamp":"2025-08-01 02:02:10"}
{"level":"info","message":"Checking 0 running sessions for completion","service":"instagram-scraper","timestamp":"2025-08-01 02:02:11"}
{"level":"info","message":"Checking 0 running sessions for completion","service":"instagram-scraper","timestamp":"2025-08-01 02:02:11"}
{"level":"info","message":"Checking 0 running sessions for completion","service":"instagram-scraper","timestamp":"2025-08-01 02:02:11"}
{"level":"info","message":"Checking 0 running sessions for completion","service":"instagram-scraper","timestamp":"2025-08-01 02:02:11"}
{"level":"info","message":"Checking 0 running sessions for completion","service":"instagram-scraper","timestamp":"2025-08-01 02:02:11"}
{"level":"info","message":"Checking 0 running sessions for completion","service":"instagram-scraper","timestamp":"2025-08-01 02:02:12"}
{"level":"info","message":"Checking 0 running sessions for completion","service":"instagram-scraper","timestamp":"2025-08-01 02:02:12"}
{"level":"info","message":"Checking 0 running sessions for completion","service":"instagram-scraper","timestamp":"2025-08-01 02:02:12"}
{"level":"info","message":"Checking 0 running sessions for completion","service":"instagram-scraper","timestamp":"2025-08-01 02:02:12"}
{"level":"info","message":"Checking 0 running sessions for completion","service":"instagram-scraper","timestamp":"2025-08-01 02:02:12"}
{"level":"info","message":"Checking 0 running sessions for completion","service":"instagram-scraper","timestamp":"2025-08-01 02:02:13"}
{"level":"info","message":"Checking 0 running sessions for completion","service":"instagram-scraper","timestamp":"2025-08-01 02:02:13"}
{"level":"info","message":"Checking 0 running sessions for completion","service":"instagram-scraper","timestamp":"2025-08-01 02:02:13"}
{"level":"info","message":"Checking 0 running sessions for completion","service":"instagram-scraper","timestamp":"2025-08-01 02:02:13"}
{"level":"info","message":"Checking 0 running sessions for completion","service":"instagram-scraper","timestamp":"2025-08-01 02:02:13"}
{"level":"info","message":"Checking 0 running sessions for completion","service":"instagram-scraper","timestamp":"2025-08-01 02:02:14"}
{"level":"info","message":"Checking 0 running sessions for completion","service":"instagram-scraper","timestamp":"2025-08-01 02:02:14"}
{"level":"info","message":"Checking 0 running sessions for completion","service":"instagram-scraper","timestamp":"2025-08-01 02:02:14"}
{"level":"info","message":"Checking 0 running sessions for completion","service":"instagram-scraper","timestamp":"2025-08-01 02:02:14"}
{"level":"info","message":"Checking 0 running sessions for completion","service":"instagram-scraper","timestamp":"2025-08-01 02:02:14"}
{"level":"info","message":"Checking 0 running sessions for completion","service":"instagram-scraper","timestamp":"2025-08-01 02:02:14"}
{"level":"info","message":"Checking 0 running sessions for completion","service":"instagram-scraper","timestamp":"2025-08-01 02:02:15"}
{"level":"info","message":"Checking 0 running sessions for completion","service":"instagram-scraper","timestamp":"2025-08-01 02:02:15"}
{"level":"info","message":"Checking 0 running sessions for completion","service":"instagram-scraper","timestamp":"2025-08-01 02:02:15"}
{"level":"info","message":"Checking 0 running sessions for completion","service":"instagram-scraper","timestamp":"2025-08-01 02:02:15"}
{"level":"info","message":"Checking 0 running sessions for completion","service":"instagram-scraper","timestamp":"2025-08-01 02:02:16"}
{"level":"info","message":"Checking 0 running sessions for completion","service":"instagram-scraper","timestamp":"2025-08-01 02:02:16"}
{"level":"info","message":"Checking 0 running sessions for completion","service":"instagram-scraper","timestamp":"2025-08-01 02:02:16"}
{"level":"info","message":"Checking 0 running sessions for completion","service":"instagram-scraper","timestamp":"2025-08-01 02:02:19"}
{"level":"info","message":"Checking 0 running sessions for completion","service":"instagram-scraper","timestamp":"2025-08-01 02:02:25"}
{"level":"info","message":"Checking 0 running sessions for completion","service":"instagram-scraper","timestamp":"2025-08-01 02:02:29"}
{"level":"info","message":"Checking 0 running sessions for completion","service":"instagram-scraper","timestamp":"2025-08-01 02:02:41"}
{"level":"info","message":"Checking 0 running sessions for completion","service":"instagram-scraper","timestamp":"2025-08-01 02:02:57"}
{"level":"info","message":"Checking 0 running sessions for completion","service":"instagram-scraper","timestamp":"2025-08-01 02:03:13"}
{"level":"info","message":"Checking 0 running sessions for completion","service":"instagram-scraper","timestamp":"2025-08-01 02:03:29"}
{"level":"info","message":"Socket nIUC3cX7QwCJgAw5AAAP subscribed to session 688a7d7b593e87f144452d7c","service":"instagram-scraper","timestamp":"2025-08-01 02:03:44"}
{"level":"info","message":"Socket nIUC3cX7QwCJgAw5AAAP unsubscribed from session 688a7d7b593e87f144452d7c","service":"instagram-scraper","timestamp":"2025-08-01 02:03:44"}
{"level":"info","message":"Socket nIUC3cX7QwCJgAw5AAAP subscribed to session 688a7d7b593e87f144452d7c","service":"instagram-scraper","timestamp":"2025-08-01 02:03:44"}
{"level":"info","message":"Checking 0 running sessions for completion","service":"instagram-scraper","timestamp":"2025-08-01 02:03:45"}
{"level":"info","message":"Checking 0 running sessions for completion","service":"instagram-scraper","timestamp":"2025-08-01 02:04:01"}
{"level":"info","message":"Checking 0 running sessions for completion","service":"instagram-scraper","timestamp":"2025-08-01 02:04:03"}
{"level":"info","message":"Checking 0 running sessions for completion","service":"instagram-scraper","timestamp":"2025-08-01 02:04:05"}
{"level":"info","message":"Checking 0 running sessions for completion","service":"instagram-scraper","timestamp":"2025-08-01 02:04:06"}
{"level":"info","message":"Checking 0 running sessions for completion","service":"instagram-scraper","timestamp":"2025-08-01 02:04:10"}
{"level":"info","message":"Root profile aggregation result:","result":"[]","service":"instagram-scraper","sessionId":"688a7d7b593e87f144452d7c","timestamp":"2025-08-01 02:04:10"}
{"level":"info","message":"Root profile aggregation result:","result":"[]","service":"instagram-scraper","sessionId":"688a7d7b593e87f144452d7c","timestamp":"2025-08-01 02:04:10"}
{"level":"info","message":"Checking 0 running sessions for completion","service":"instagram-scraper","timestamp":"2025-08-01 02:04:25"}
{"level":"info","message":"Checking 0 running sessions for completion","service":"instagram-scraper","timestamp":"2025-08-01 02:04:39"}
{"level":"info","message":"Checking 0 running sessions for completion","service":"instagram-scraper","timestamp":"2025-08-01 02:04:50"}
{"level":"info","message":"Checking 0 running sessions for completion","service":"instagram-scraper","timestamp":"2025-08-01 02:05:04"}
{"level":"info","message":"Checking 0 running sessions for completion","service":"instagram-scraper","timestamp":"2025-08-01 02:05:19"}
{"level":"info","message":"Checking 0 running sessions for completion","service":"instagram-scraper","timestamp":"2025-08-01 02:05:32"}
{"level":"info","message":"Checking 0 running sessions for completion","service":"instagram-scraper","timestamp":"2025-08-01 02:05:45"}
{"level":"info","message":"Checking 0 running sessions for completion","service":"instagram-scraper","timestamp":"2025-08-01 02:05:47"}
{"level":"info","message":"Checking 0 running sessions for completion","service":"instagram-scraper","timestamp":"2025-08-01 02:05:48"}
{"level":"info","message":"Checking 0 running sessions for completion","service":"instagram-scraper","timestamp":"2025-08-01 02:05:50"}
{"level":"info","message":"Checking 0 running sessions for completion","service":"instagram-scraper","timestamp":"2025-08-01 02:06:14"}
{"level":"info","message":"Checking 0 running sessions for completion","service":"instagram-scraper","timestamp":"2025-08-01 02:06:28"}
{"level":"info","message":"Checking 0 running sessions for completion","service":"instagram-scraper","timestamp":"2025-08-01 02:06:41"}
{"level":"info","message":"Checking 0 running sessions for completion","service":"instagram-scraper","timestamp":"2025-08-01 02:06:56"}
{"level":"info","message":"Checking 0 running sessions for completion","service":"instagram-scraper","timestamp":"2025-08-01 02:07:10"}
{"level":"info","message":"Checking 0 running sessions for completion","service":"instagram-scraper","timestamp":"2025-08-01 02:07:23"}
{"level":"info","message":"Checking 0 running sessions for completion","service":"instagram-scraper","timestamp":"2025-08-01 02:07:26"}
{"level":"info","message":"Checking 0 running sessions for completion","service":"instagram-scraper","timestamp":"2025-08-01 02:07:27"}
{"level":"info","message":"Checking 0 running sessions for completion","service":"instagram-scraper","timestamp":"2025-08-01 02:07:28"}
{"level":"info","message":"Checking 0 running sessions for completion","service":"instagram-scraper","timestamp":"2025-08-01 02:07:31"}
{"level":"info","message":"Checking 0 running sessions for completion","service":"instagram-scraper","timestamp":"2025-08-01 02:07:42"}
{"level":"info","message":"Checking 0 running sessions for completion","service":"instagram-scraper","timestamp":"2025-08-01 02:07:57"}
{"level":"info","message":"Checking 0 running sessions for completion","service":"instagram-scraper","timestamp":"2025-08-01 02:08:12"}
{"level":"info","message":"Checking 0 running sessions for completion","service":"instagram-scraper","timestamp":"2025-08-01 02:08:28"}
{"level":"info","message":"Checking 0 running sessions for completion","service":"instagram-scraper","timestamp":"2025-08-01 02:08:44"}
{"level":"info","message":"Checking 0 running sessions for completion","service":"instagram-scraper","timestamp":"2025-08-01 02:08:56"}
{"level":"info","message":"Checking 0 running sessions for completion","service":"instagram-scraper","timestamp":"2025-08-01 02:09:03"}
{"level":"info","message":"Checking 0 running sessions for completion","service":"instagram-scraper","timestamp":"2025-08-01 02:09:05"}
{"level":"info","message":"Checking 0 running sessions for completion","service":"instagram-scraper","timestamp":"2025-08-01 02:09:06"}
{"level":"info","message":"Checking 0 running sessions for completion","service":"instagram-scraper","timestamp":"2025-08-01 02:09:10"}
{"level":"info","message":"Checking 0 running sessions for completion","service":"instagram-scraper","timestamp":"2025-08-01 02:09:26"}
{"level":"info","message":"Checking 0 running sessions for completion","service":"instagram-scraper","timestamp":"2025-08-01 02:09:40"}
{"level":"info","message":"Checking 0 running sessions for completion","service":"instagram-scraper","timestamp":"2025-08-01 02:09:54"}
{"level":"info","message":"Checking 0 running sessions for completion","service":"instagram-scraper","timestamp":"2025-08-01 02:10:07"}
{"level":"info","message":"Checking 0 running sessions for completion","service":"instagram-scraper","timestamp":"2025-08-01 02:10:21"}
{"level":"info","message":"Checking 0 running sessions for completion","service":"instagram-scraper","timestamp":"2025-08-01 02:10:35"}
{"level":"info","message":"Checking 0 running sessions for completion","service":"instagram-scraper","timestamp":"2025-08-01 02:10:48"}
{"level":"info","message":"Checking 0 running sessions for completion","service":"instagram-scraper","timestamp":"2025-08-01 02:10:50"}
{"level":"info","message":"Checking 0 running sessions for completion","service":"instagram-scraper","timestamp":"2025-08-01 02:10:51"}
{"level":"info","message":"Checking 0 running sessions for completion","service":"instagram-scraper","timestamp":"2025-08-01 02:10:53"}
{"level":"info","message":"Checking 0 running sessions for completion","service":"instagram-scraper","timestamp":"2025-08-01 02:11:02"}
{"level":"info","message":"Checking 0 running sessions for completion","service":"instagram-scraper","timestamp":"2025-08-01 02:11:17"}
{"level":"info","message":"Checking 0 running sessions for completion","service":"instagram-scraper","timestamp":"2025-08-01 02:11:30"}
{"level":"info","message":"Checking 0 running sessions for completion","service":"instagram-scraper","timestamp":"2025-08-01 02:11:44"}
{"level":"info","message":"Checking 0 running sessions for completion","service":"instagram-scraper","timestamp":"2025-08-01 02:11:59"}
{"level":"info","message":"Checking 0 running sessions for completion","service":"instagram-scraper","timestamp":"2025-08-01 02:12:10"}
{"level":"info","message":"Checking 0 running sessions for completion","service":"instagram-scraper","timestamp":"2025-08-01 02:12:24"}
{"level":"info","message":"Checking 0 running sessions for completion","service":"instagram-scraper","timestamp":"2025-08-01 02:12:30"}
{"level":"info","message":"Checking 0 running sessions for completion","service":"instagram-scraper","timestamp":"2025-08-01 02:12:31"}
{"level":"info","message":"Checking 0 running sessions for completion","service":"instagram-scraper","timestamp":"2025-08-01 02:12:32"}
{"level":"info","message":"Checking 0 running sessions for completion","service":"instagram-scraper","timestamp":"2025-08-01 02:12:42"}
{"level":"info","message":"Checking 0 running sessions for completion","service":"instagram-scraper","timestamp":"2025-08-01 02:12:56"}
{"level":"info","message":"Checking 0 running sessions for completion","service":"instagram-scraper","timestamp":"2025-08-01 02:13:09"}
{"level":"info","message":"Checking 0 running sessions for completion","service":"instagram-scraper","timestamp":"2025-08-01 02:13:21"}
{"level":"info","message":"Checking 0 running sessions for completion","service":"instagram-scraper","timestamp":"2025-08-01 02:13:36"}
{"level":"info","message":"Checking 0 running sessions for completion","service":"instagram-scraper","timestamp":"2025-08-01 02:13:50"}
{"level":"info","message":"Checking 0 running sessions for completion","service":"instagram-scraper","timestamp":"2025-08-01 02:15:34"}
{"level":"info","message":"Checking 0 running sessions for completion","service":"instagram-scraper","timestamp":"2025-08-01 02:15:42"}
{"level":"info","message":"Checking 0 running sessions for completion","service":"instagram-scraper","timestamp":"2025-08-01 02:15:43"}
{"level":"info","message":"Checking 0 running sessions for completion","service":"instagram-scraper","timestamp":"2025-08-01 02:15:44"}
{"level":"info","message":"Checking 0 running sessions for completion","service":"instagram-scraper","timestamp":"2025-08-01 02:15:44"}
{"level":"info","message":"Checking 0 running sessions for completion","service":"instagram-scraper","timestamp":"2025-08-01 02:15:45"}
{"level":"info","message":"Checking 0 running sessions for completion","service":"instagram-scraper","timestamp":"2025-08-01 02:15:46"}
{"level":"info","message":"Checking 0 running sessions for completion","service":"instagram-scraper","timestamp":"2025-08-01 02:15:46"}
{"level":"info","message":"Checking 0 running sessions for completion","service":"instagram-scraper","timestamp":"2025-08-01 02:15:46"}
{"level":"info","message":"Checking 0 running sessions for completion","service":"instagram-scraper","timestamp":"2025-08-01 02:15:47"}
{"level":"info","message":"Checking 0 running sessions for completion","service":"instagram-scraper","timestamp":"2025-08-01 02:15:48"}
{"level":"info","message":"Checking 0 running sessions for completion","service":"instagram-scraper","timestamp":"2025-08-01 02:15:48"}
{"level":"info","message":"Checking 0 running sessions for completion","service":"instagram-scraper","timestamp":"2025-08-01 02:15:49"}
{"level":"info","message":"Checking 0 running sessions for completion","service":"instagram-scraper","timestamp":"2025-08-01 02:15:55"}
{"level":"info","message":"Checking 0 running sessions for completion","service":"instagram-scraper","timestamp":"2025-08-01 02:16:00"}
{"level":"info","message":"Checking 0 running sessions for completion","service":"instagram-scraper","timestamp":"2025-08-01 02:16:13"}
{"level":"warn","message":"Cloudflare R2 configuration is incomplete. CDN features will be disabled until properly configured.","service":"instagram-scraper","timestamp":"2025-08-01 02:16:13"}
{"level":"warn","message":"Cloudflare R2 is not configured. Service will be disabled.","service":"instagram-scraper","timestamp":"2025-08-01 02:16:13"}
{"level":"warn","message":"Cloudflare CDN conversion disabled - missing configuration","service":"instagram-scraper","timestamp":"2025-08-01 02:16:13"}
{"level":"info","message":"Created shared Redis clients for Bull queues","service":"instagram-scraper","timestamp":"2025-08-01 02:16:13"}
{"level":"info","message":"N8nWebhookService initialized","retryAttempts":3,"retryDelay":5000,"service":"instagram-scraper","timestamp":"2025-08-01 02:16:13","webhookUrl":"https://evoked.app.n8n.cloud/webhook/analysed-data"}
{"address":"127.0.0.1","code":"ECONNREFUSED","errno":-4078,"level":"error","message":"Shared Redis client error: connect ECONNREFUSED 127.0.0.1:6379","port":6379,"service":"instagram-scraper","stack":"Error: connect ECONNREFUSED 127.0.0.1:6379\n    at TCPConnectWrap.afterConnect [as oncomplete] (node:net:1637:16)","syscall":"connect","timestamp":"2025-08-01 02:16:13"}
{"level":"warn","message":"Redis retry attempt 1, waiting 100ms","service":"instagram-scraper","timestamp":"2025-08-01 02:16:13"}
{"level":"warn","message":"Redis retry attempt 1, waiting 100ms","service":"instagram-scraper","timestamp":"2025-08-01 02:16:13"}
{"level":"warn","message":"Redis retry attempt 1, waiting 100ms","service":"instagram-scraper","timestamp":"2025-08-01 02:16:13"}
{"level":"info","message":"Connected to MongoDB","service":"instagram-scraper","timestamp":"2025-08-01 02:16:13"}
{"level":"info","message":"No running sessions found to test","service":"instagram-scraper","timestamp":"2025-08-01 02:16:13"}
{"level":"info","message":"Checking 0 running sessions for completion","service":"instagram-scraper","timestamp":"2025-08-01 02:16:28"}
{"level":"info","message":"Checking 0 running sessions for completion","service":"instagram-scraper","timestamp":"2025-08-01 02:16:42"}
{"level":"info","message":"Checking 0 running sessions for completion","service":"instagram-scraper","timestamp":"2025-08-01 02:16:53"}
{"level":"info","message":"Checking 0 running sessions for completion","service":"instagram-scraper","timestamp":"2025-08-01 02:17:07"}
{"level":"info","message":"Checking 0 running sessions for completion","service":"instagram-scraper","timestamp":"2025-08-01 02:17:21"}
{"level":"info","message":"Checking 0 running sessions for completion","service":"instagram-scraper","timestamp":"2025-08-01 02:17:36"}
{"level":"info","message":"Checking 0 running sessions for completion","service":"instagram-scraper","timestamp":"2025-08-01 02:17:39"}
{"level":"info","message":"Checking 0 running sessions for completion","service":"instagram-scraper","timestamp":"2025-08-01 02:17:41"}
{"level":"info","message":"Checking 0 running sessions for completion","service":"instagram-scraper","timestamp":"2025-08-01 02:17:43"}
{"level":"info","message":"Checking 0 running sessions for completion","service":"instagram-scraper","timestamp":"2025-08-01 02:17:52"}
{"level":"info","message":"Checking 0 running sessions for completion","service":"instagram-scraper","timestamp":"2025-08-01 02:18:06"}
{"level":"info","message":"Checking 0 running sessions for completion","service":"instagram-scraper","timestamp":"2025-08-01 02:18:20"}
{"level":"info","message":"Checking 0 running sessions for completion","service":"instagram-scraper","timestamp":"2025-08-01 02:18:34"}
{"level":"info","message":"Checking 0 running sessions for completion","service":"instagram-scraper","timestamp":"2025-08-01 02:18:48"}
{"level":"info","message":"Checking 0 running sessions for completion","service":"instagram-scraper","timestamp":"2025-08-01 02:19:00"}
{"level":"info","message":"Checking 0 running sessions for completion","service":"instagram-scraper","timestamp":"2025-08-01 02:19:13"}
{"level":"info","message":"Checking 0 running sessions for completion","service":"instagram-scraper","timestamp":"2025-08-01 02:19:22"}
{"level":"info","message":"Checking 0 running sessions for completion","service":"instagram-scraper","timestamp":"2025-08-01 02:19:23"}
{"level":"info","message":"Checking 0 running sessions for completion","service":"instagram-scraper","timestamp":"2025-08-01 02:19:24"}
{"level":"info","message":"Checking 0 running sessions for completion","service":"instagram-scraper","timestamp":"2025-08-01 02:19:30"}
{"level":"info","message":"Checking 0 running sessions for completion","service":"instagram-scraper","timestamp":"2025-08-01 02:19:44"}
{"level":"info","message":"Checking 0 running sessions for completion","service":"instagram-scraper","timestamp":"2025-08-01 02:19:58"}
{"level":"info","message":"Checking 0 running sessions for completion","service":"instagram-scraper","timestamp":"2025-08-01 02:20:12"}
{"level":"info","message":"Checking 0 running sessions for completion","service":"instagram-scraper","timestamp":"2025-08-01 02:20:26"}
{"level":"info","message":"Checking 0 running sessions for completion","service":"instagram-scraper","timestamp":"2025-08-01 02:20:41"}
{"level":"info","message":"Checking 0 running sessions for completion","service":"instagram-scraper","timestamp":"2025-08-01 02:20:53"}
{"level":"info","message":"Checking 0 running sessions for completion","service":"instagram-scraper","timestamp":"2025-08-01 02:21:08"}
{"level":"info","message":"Checking 0 running sessions for completion","service":"instagram-scraper","timestamp":"2025-08-01 02:21:10"}
{"level":"info","message":"Checking 0 running sessions for completion","service":"instagram-scraper","timestamp":"2025-08-01 02:21:11"}
{"level":"info","message":"Checking 0 running sessions for completion","service":"instagram-scraper","timestamp":"2025-08-01 02:21:12"}
{"level":"info","message":"Checking 0 running sessions for completion","service":"instagram-scraper","timestamp":"2025-08-01 02:21:22"}
{"level":"info","message":"Checking 0 running sessions for completion","service":"instagram-scraper","timestamp":"2025-08-01 02:21:36"}
{"level":"info","message":"Checking 0 running sessions for completion","service":"instagram-scraper","timestamp":"2025-08-01 02:21:50"}
{"level":"info","message":"Checking 0 running sessions for completion","service":"instagram-scraper","timestamp":"2025-08-01 02:22:04"}
{"level":"info","message":"Checking 0 running sessions for completion","service":"instagram-scraper","timestamp":"2025-08-01 02:22:18"}
{"level":"info","message":"Socket yG12o3Rg6-P3m-EYAAAj unsubscribed from session 688bc3d748aabd467007c7cd","service":"instagram-scraper","timestamp":"2025-08-01 02:22:32"}
{"level":"info","message":"Checking 0 running sessions for completion","service":"instagram-scraper","timestamp":"2025-08-01 02:22:33"}
{"level":"info","message":"Checking 0 running sessions for completion","service":"instagram-scraper","timestamp":"2025-08-01 02:22:44"}
{"level":"info","message":"Checking 0 running sessions for completion","service":"instagram-scraper","timestamp":"2025-08-01 02:22:50"}
{"level":"info","message":"Checking 0 running sessions for completion","service":"instagram-scraper","timestamp":"2025-08-01 02:22:52"}
{"level":"info","message":"Checking 0 running sessions for completion","service":"instagram-scraper","timestamp":"2025-08-01 02:22:54"}
{"level":"info","message":"Checking 0 running sessions for completion","service":"instagram-scraper","timestamp":"2025-08-01 02:23:00"}
{"level":"info","message":"Checking 0 running sessions for completion","service":"instagram-scraper","timestamp":"2025-08-01 02:23:10"}
{"level":"info","message":"Checking 0 running sessions for completion","service":"instagram-scraper","timestamp":"2025-08-01 02:23:20"}
{"level":"info","message":"Checking 0 running sessions for completion","service":"instagram-scraper","timestamp":"2025-08-01 02:23:30"}
{"level":"info","message":"Checking 0 running sessions for completion","service":"instagram-scraper","timestamp":"2025-08-01 02:23:40"}
{"level":"info","message":"Checking 0 running sessions for completion","service":"instagram-scraper","timestamp":"2025-08-01 02:23:50"}
{"level":"info","message":"Checking 0 running sessions for completion","service":"instagram-scraper","timestamp":"2025-08-01 02:24:00"}
{"level":"info","message":"Checking 0 running sessions for completion","service":"instagram-scraper","timestamp":"2025-08-01 02:24:10"}
{"level":"info","message":"Checking 0 running sessions for completion","service":"instagram-scraper","timestamp":"2025-08-01 02:24:20"}
{"level":"info","message":"Checking 0 running sessions for completion","service":"instagram-scraper","timestamp":"2025-08-01 02:24:30"}
{"level":"info","message":"Checking 0 running sessions for completion","service":"instagram-scraper","timestamp":"2025-08-01 02:24:40"}
{"level":"info","message":"Checking 0 running sessions for completion","service":"instagram-scraper","timestamp":"2025-08-01 02:24:50"}
{"level":"info","message":"Checking 0 running sessions for completion","service":"instagram-scraper","timestamp":"2025-08-01 02:25:00"}
{"level":"info","message":"Checking 0 running sessions for completion","service":"instagram-scraper","timestamp":"2025-08-01 02:25:10"}
{"level":"info","message":"Checking 0 running sessions for completion","service":"instagram-scraper","timestamp":"2025-08-01 02:25:20"}
{"level":"info","message":"Checking 0 running sessions for completion","service":"instagram-scraper","timestamp":"2025-08-01 02:25:30"}
{"level":"info","message":"Checking 0 running sessions for completion","service":"instagram-scraper","timestamp":"2025-08-01 02:25:40"}
{"level":"info","message":"Checking 0 running sessions for completion","service":"instagram-scraper","timestamp":"2025-08-01 02:25:50"}
{"level":"info","message":"Checking 0 running sessions for completion","service":"instagram-scraper","timestamp":"2025-08-01 02:26:00"}
{"level":"info","message":"Checking 0 running sessions for completion","service":"instagram-scraper","timestamp":"2025-08-01 02:26:10"}
{"level":"info","message":"Checking 0 running sessions for completion","service":"instagram-scraper","timestamp":"2025-08-01 02:26:20"}
{"level":"info","message":"Checking 0 running sessions for completion","service":"instagram-scraper","timestamp":"2025-08-01 02:26:30"}
{"level":"info","message":"Checking 0 running sessions for completion","service":"instagram-scraper","timestamp":"2025-08-01 02:26:40"}
{"level":"info","message":"Checking 0 running sessions for completion","service":"instagram-scraper","timestamp":"2025-08-01 02:26:50"}
{"level":"info","message":"Checking 0 running sessions for completion","service":"instagram-scraper","timestamp":"2025-08-01 02:27:00"}
{"level":"info","message":"Checking 0 running sessions for completion","service":"instagram-scraper","timestamp":"2025-08-01 02:27:10"}
{"level":"info","message":"Checking 0 running sessions for completion","service":"instagram-scraper","timestamp":"2025-08-01 02:27:20"}
{"level":"info","message":"Checking 0 running sessions for completion","service":"instagram-scraper","timestamp":"2025-08-01 02:27:30"}
{"level":"info","message":"Checking 0 running sessions for completion","service":"instagram-scraper","timestamp":"2025-08-01 02:27:40"}
{"level":"info","message":"Checking 0 running sessions for completion","service":"instagram-scraper","timestamp":"2025-08-01 02:27:50"}
{"level":"info","message":"Checking 0 running sessions for completion","service":"instagram-scraper","timestamp":"2025-08-01 02:28:00"}
{"level":"info","message":"Checking 0 running sessions for completion","service":"instagram-scraper","timestamp":"2025-08-01 02:28:10"}
{"level":"info","message":"Checking 0 running sessions for completion","service":"instagram-scraper","timestamp":"2025-08-01 02:28:20"}
